,Customer_ID,PREDICT,PREDICT_PROBA
0,1090001,0,0.4180484455086592
1,1090002,0,0.41794020119382214
2,1090003,0,0.19280555089114995
3,1090004,1,0.5571878178940838
4,1090005,0,0.27584727033436585
5,1090006,0,0.25279937500541216
6,1090007,1,0.676506213732096
7,1090008,0,0.14444039188484548
8,1090009,1,0.5151860244768882
9,1090010,0,0.1922186394337353
10,1090011,1,0.6010145675139059
11,1090012,1,0.5666856455586902
12,1090013,1,0.5302221660506429
13,1090014,0,0.24348768387416414
14,1090015,0,0.45655336294805615
15,1090016,0,0.41964831195017
16,1090017,0,0.3288800096591811
17,1090018,1,0.6079463063486398
18,1090019,1,0.6717409648310898
19,1090020,0,0.1977205117545414
20,1090021,0,0.19379776167828006
21,1090022,1,0.7814012894242142
22,1090023,1,0.536586635589745
23,1090024,0,0.3182645078228823
24,1090025,1,0.6537077644473246
25,1090026,1,0.5373258341004951
26,1090027,1,0.7666919474128183
27,1090028,1,0.7335354315229599
28,1090029,0,0.10774926770582405
29,1090030,1,0.633109530632065
30,1090031,1,0.5804143362657613
31,1090032,0,0.20691592417682078
32,1090033,0,0.32659181851934704
33,1090034,1,0.6431229744666658
34,1090035,1,0.5654834083247711
35,1090036,0,0.48184321529608454
36,1090037,0,0.30565274705841516
37,1090038,1,0.6200099183173938
38,1090039,1,0.701709165535897
39,1090040,0,0.2964248985600494
40,1090041,0,0.19495366509109963
41,1090042,1,0.5975165289150638
42,1090043,0,0.3585829367583743
43,1090044,1,0.6603418678239612
44,1090045,1,0.6526790582027155
45,1090046,0,0.13499023075085592
46,1090047,0,0.3571254960636621
47,1090048,0,0.3447439622148456
48,1090049,0,0.37431136780391294
49,1090050,0,0.48009797741881194
50,1090051,1,0.6545364917447136
51,1090052,1,0.7514931841879248
52,1090053,0,0.24132679556801792
53,1090054,0,0.4735914738961617
54,1090055,0,0.3446255333712466
55,1090056,0,0.2894518873336282
56,1090057,0,0.4057027379151387
57,1090058,0,0.2912385523320547
58,1090059,1,0.8231295337454946
59,1090060,0,0.4859196575576142
60,1090061,0,0.3507414608850205
61,1090062,1,0.7234660243522011
62,1090063,0,0.31437623600728465
63,1090064,1,0.5410494869745972
64,1090065,1,0.5650948787206468
65,1090066,1,0.7215534028397667
66,1090067,1,0.6127080266463986
67,1090068,0,0.2157894053773754
68,1090069,0,0.3715081931618936
69,1090070,0,0.24279613337053763
70,1090071,1,0.647163253592467
71,1090072,0,0.34464912806697384
72,1090073,1,0.628317940406738
73,1090074,0,0.15076262951693112
74,1090075,1,0.630573006488006
75,1090076,0,0.20556400763063387
76,1090077,1,0.5792920271091453
77,1090078,1,0.789174381080877
78,1090079,0,0.23969450805761147
79,1090080,0,0.30666440697541436
80,1090081,1,0.5930852995417788
81,1090082,0,0.2556360100265532
82,1090083,1,0.532769239292262
83,1090084,0,0.3167273059000369
84,1090085,0,0.23966383542312006
85,1090086,1,0.5695953208964166
86,1090087,0,0.384319189825719
87,1090088,1,0.5846173603606679
88,1090089,1,0.6230686913549756
89,1090090,0,0.4589002319563585
90,1090091,0,0.340126016660294
91,1090092,0,0.2808124623263171
92,1090093,1,0.655215646539936
93,1090094,1,0.7126632000394342
94,1090095,0,0.2954487009716351
95,1090096,0,0.38264961002710707
96,1090097,0,0.3849746758805002
97,1090098,0,0.26288287709292724
98,1090099,1,0.7063311822469346
99,1090100,1,0.5452360513722556
100,1090101,1,0.8783024221976259
101,1090102,0,0.2901510178304217
102,1090103,1,0.6298172913562466
103,1090104,1,0.6154563107558083
104,1090105,0,0.3298489843927896
105,1090106,1,0.6904205600970714
106,1090107,1,0.5639160468310517
107,1090108,1,0.5122719282723404
108,1090109,1,0.6475708063030968
109,1090110,0,0.35811918319190544
110,1090111,0,0.46351806894519537
111,1090112,0,0.314076350342166
112,1090113,1,0.8202811139613295
113,1090114,1,0.6659782956992597
114,1090115,0,0.3510695711667165
115,1090116,1,0.6037017990029656
116,1090117,0,0.26905857839373537
117,1090118,1,0.6557013894891494
118,1090119,1,0.6186167218533842
119,1090120,0,0.3334722717761156
120,1090121,0,0.36962434801955285
121,1090122,0,0.4034662838700691
122,1090123,0,0.362894586381127
123,1090124,1,0.6222731352516752
124,1090125,1,0.5110463721927274
125,1090126,1,0.6893356475273003
126,1090127,1,0.6092722293790571
127,1090128,1,0.678972494215272
128,1090129,0,0.2668092354120399
129,1090130,0,0.4184856024480321
130,1090131,0,0.27215809389643203
131,1090132,1,0.6364139540876623
132,1090133,1,0.6000934197878549
133,1090134,1,0.6169148929852449
134,1090135,1,0.7232001976599215
135,1090136,0,0.22423272836977584
136,1090137,0,0.1894336424586656
137,1090138,0,0.19820689786054257
138,1090139,0,0.4648270625910035
139,1090140,0,0.35487643837012645
140,1090141,1,0.6956524516005078
141,1090142,1,0.6683750453720826
142,1090143,1,0.6804999104720101
143,1090144,1,0.8357211933918215
144,1090145,1,0.6731210160831597
145,1090146,0,0.22374575541643224
146,1090147,1,0.9079491307079355
147,1090148,1,0.8108330504522177
148,1090149,0,0.3572404263804633
149,1090150,0,0.33358777370365594
150,1090151,1,0.83057726190054
151,1090152,0,0.36416646599977337
152,1090153,1,0.6312536389871768
153,1090154,0,0.3958879223587642
154,1090155,1,0.6358083180708057
155,1090156,1,0.5412439962226117
156,1090157,1,0.6671216874092455
157,1090158,0,0.28808965711616014
158,1090159,0,0.2071262735244601
159,1090160,0,0.3089089458700887
160,1090161,0,0.46256584554855956
161,1090162,1,0.6634303315027936
162,1090163,0,0.2571324507889149
163,1090164,0,0.25287969744032657
164,1090165,1,0.510350530911304
165,1090166,0,0.4426931056075114
166,1090167,0,0.2613380135328461
167,1090168,1,0.6513645641830513
168,1090169,1,0.6296363728664714
169,1090170,0,0.26022683485108306
170,1090171,0,0.24495474868870426
171,1090172,1,0.6343476262496236
172,1090173,0,0.14221719879595077
173,1090174,1,0.6667162303702853
174,1090175,1,0.5382378481867822
175,1090176,0,0.4423759307518923
176,1090177,0,0.4836070895264512
177,1090178,1,0.8603587939645218
178,1090179,0,0.21924779210793693
179,1090180,1,0.7373938200015792
180,1090181,1,0.5187490461705545
181,1090182,1,0.7155888826867549
182,1090183,1,0.6422568949079465
183,1090184,0,0.1631203865666476
184,1090185,1,0.783545565320126
185,1090186,0,0.17954920334543864
186,1090187,1,0.6159815143013028
187,1090188,1,0.6974438915962878
188,1090189,1,0.7476373447684782
189,1090190,1,0.7256581538121208
190,1090191,0,0.25448474847160546
191,1090192,1,0.7054312976829379
192,1090193,1,0.653309640612135
193,1090194,0,0.1829184023307719
194,1090195,1,0.7489299264430469
195,1090196,1,0.9447514213092588
196,1090197,0,0.4858801385924699
197,1090198,1,0.6716723589443762
198,1090199,0,0.4739728274541071
199,1090200,1,0.5557163215533402
200,1090201,1,0.6002267177075611
201,1090202,0,0.24456441219401484
202,1090203,1,0.9442961923253145
203,1090204,1,0.9219790639813535
204,1090205,0,0.475407315420807
205,1090206,0,0.2506614799318208
206,1090207,0,0.18897609897322062
207,1090208,1,0.6632961061975963
208,1090209,1,0.635911510996189
209,1090210,0,0.4384546768736314
210,1090211,0,0.39074266074478187
211,1090212,1,0.6465299395419873
212,1090213,0,0.359180348064796
213,1090214,0,0.270418885032844
214,1090215,0,0.3577985193261656
215,1090216,1,0.537470426802903
216,1090217,0,0.3839404318367345
217,1090218,0,0.21243619838907596
218,1090219,0,0.2037703300412634
219,1090220,1,0.620230038021252
220,1090221,1,0.6487570909149728
221,1090222,1,0.5559083051623037
222,1090223,1,0.5202659860979745
223,1090224,1,0.5499293439102528
224,1090225,0,0.2502060444617625
225,1090226,1,0.6563137165660331
226,1090227,1,0.5640299524746661
227,1090228,1,0.554301524651718
228,1090229,0,0.33354444629274316
229,1090230,1,0.6931748163567416
230,1090231,1,0.7318401759621013
231,1090232,0,0.4893484228026139
232,1090233,0,0.43380584087396135
233,1090234,1,0.9194040583853356
234,1090235,0,0.3658645612530514
235,1090236,1,0.6584933607202117
236,1090237,0,0.2936907094375438
237,1090238,0,0.34217207074077316
238,1090239,1,0.6051375601220919
239,1090240,0,0.2065469980672289
240,1090241,1,0.5996294496250156
241,1090242,0,0.27587863441686206
242,1090243,0,0.3679652793150434
243,1090244,0,0.22399685111635623
244,1090245,1,0.6602703922038045
245,1090246,1,0.5084973871508005
246,1090247,1,0.6671633383226959
247,1090248,1,0.7134389827589102
248,1090249,1,0.5820158890629615
249,1090250,1,0.6349378465918849
250,1090251,1,0.5634016010875421
251,1090252,1,0.8235514585125637
252,1090253,1,0.5976521981111801
253,1090254,0,0.3066617484646911
254,1090255,0,0.3819343316697365
255,1090256,1,0.6782019013337071
256,1090257,0,0.2432797431008249
257,1090258,1,0.7155863389871601
258,1090259,1,0.5632038162110955
259,1090260,0,0.37167818155032684
260,1090261,1,0.5239063683350604
261,1090262,0,0.2617442227718456
262,1090263,0,0.3348709658914588
263,1090264,0,0.260272937253931
264,1090265,1,0.5171801447874277
265,1090266,0,0.18287997666002415
266,1090267,0,0.40437725109383643
267,1090268,0,0.4517868933901356
268,1090269,0,0.4468653790658196
269,1090270,0,0.2897437467572691
270,1090271,0,0.1721072443486472
271,1090272,0,0.2033119154474151
272,1090273,1,0.7503878512358102
273,1090274,0,0.4885234101540417
274,1090275,1,0.6692607079051963
275,1090276,0,0.2537691254922705
276,1090277,1,0.523528110382898
277,1090278,1,0.5705445853683632
278,1090279,0,0.30062976760683213
279,1090280,0,0.25957222077363445
280,1090281,1,0.5526967736455888
281,1090282,0,0.31909569210312566
282,1090283,1,0.6567128027676912
283,1090284,0,0.34463104669424155
284,1090285,1,0.680461871360959
285,1090286,1,0.5915913937725258
286,1090287,1,0.7001510933723567
287,1090288,0,0.22830787265690186
288,1090289,0,0.310266844003019
289,1090290,0,0.30089468883938464
290,1090291,0,0.2994528613816006
291,1090292,1,0.5956673555496681
292,1090293,1,0.6089001493566092
293,1090294,1,0.5823724368119503
294,1090295,0,0.4417176033250969
295,1090296,0,0.4488832270138266
296,1090297,1,0.580640809575353
297,1090298,1,0.7202647775542388
298,1090299,0,0.3471313548738312
299,1090300,1,0.5842863042948483
300,1090301,1,0.5808363716977128
301,1090302,1,0.7344144705895963
302,1090303,0,0.364814262457018
303,1090304,0,0.2622055610413016
304,1090305,1,0.7771150914991207
305,1090306,0,0.23950739505945892
306,1090307,1,0.5901489561372681
307,1090308,1,0.6366021341683545
308,1090309,0,0.37556973713749436
309,1090310,0,0.3346209675557265
310,1090311,0,0.4923668759146374
311,1090312,0,0.3989463068132115
312,1090313,0,0.30315100811570106
313,1090314,0,0.42971750004322923
314,1090315,1,0.77566545264427
315,1090316,1,0.6297449827424777
316,1090317,0,0.4705221576558748
317,1090318,0,0.292218362539372
318,1090319,1,0.5537783666118918
319,1090320,0,0.23047228648772547
320,1090321,0,0.38865675001729616
321,1090322,0,0.2912816143317229
322,1090323,0,0.30542993362578713
323,1090324,0,0.3505979095986836
324,1090325,0,0.20235164464222624
325,1090326,1,0.6696764492123234
326,1090327,1,0.5235606459577274
327,1090328,0,0.4023703756469796
328,1090329,0,0.24774892914097513
329,1090330,0,0.3378793366063195
330,1090331,0,0.3735113707040729
331,1090332,0,0.18818868691523766
332,1090333,1,0.5508165387241015
333,1090334,0,0.2213148031728631
334,1090335,0,0.3215838917478481
335,1090336,0,0.475275267952102
336,1090337,1,0.6602758958998883
337,1090338,0,0.27203860848186107
338,1090339,1,0.5241096515963952
339,1090340,1,0.7165368760992604
340,1090341,1,0.5792780546725735
341,1090342,0,0.3395510461204875
342,1090343,0,0.41713135508743293
343,1090344,0,0.2145842301273523
344,1090345,0,0.24497476537080462
345,1090346,1,0.8010073010708054
346,1090347,1,0.8180544729680959
347,1090348,1,0.6595600335186199
348,1090349,1,0.6704326772564783
349,1090350,0,0.474905113959634
350,1090351,1,0.7153895755934249
351,1090352,0,0.29378341964297977
352,1090353,0,0.4171030063964366
353,1090354,0,0.3253990035322198
354,1090355,1,0.6393313085265949
355,1090356,0,0.25742950878847487
356,1090357,0,0.465218632180604
357,1090358,1,0.6300139499622409
358,1090359,1,0.6433939214353839
359,1090360,0,0.17020701519608175
360,1090361,1,0.5187742250683142
361,1090362,0,0.23475186749831287
362,1090363,0,0.49470625341760965
363,1090364,0,0.24031085676387606
364,1090365,1,0.5916095197060993
365,1090366,0,0.3986281850758248
366,1090367,0,0.3555449916490655
367,1090368,1,0.6615406760709198
368,1090369,1,0.7431283374945268
369,1090370,1,0.6640400286129635
370,1090371,1,0.6277125945797057
371,1090372,1,0.7764998295694548
372,1090373,0,0.41250000570068246
373,1090374,1,0.5907450577579497
374,1090375,0,0.39021925294287435
375,1090376,0,0.2732652659133768
376,1090377,0,0.39758164932270645
377,1090378,0,0.40492381797127125
378,1090379,0,0.3103482892984446
379,1090380,0,0.3341428109582723
380,1090381,1,0.6421064052716184
381,1090382,1,0.587936913531283
382,1090383,0,0.195275465709242
383,1090384,1,0.6997460489932673
384,1090385,0,0.4998088711674261
385,1090386,1,0.5637495758258635
386,1090387,1,0.6520661047214327
387,1090388,1,0.5149412715135607
388,1090389,0,0.2662284253756258
389,1090390,1,0.6310025827303317
390,1090391,0,0.15549205058862905
391,1090392,0,0.2677554001620259
392,1090393,0,0.22447775138026677
393,1090394,1,0.6904587159341521
394,1090395,1,0.7076390715472738
395,1090396,0,0.22018989316485224
396,1090397,0,0.28528226844191795
397,1090398,0,0.32506679960169627
398,1090399,1,0.516994360161397
399,1090400,0,0.28201627503201293
400,1090401,0,0.30733357689206353
401,1090402,1,0.6083301312596788
402,1090403,1,0.6475247523046669
403,1090404,1,0.7388709517311706
404,1090405,0,0.19562303817302382
405,1090406,1,0.6284297119119935
406,1090407,0,0.37730120207113466
407,1090408,0,0.23167618930682998
408,1090409,1,0.5120006748063461
409,1090410,1,0.6903980208324407
410,1090411,0,0.38520397778348703
411,1090412,0,0.3667318811302198
412,1090413,0,0.2682769235839826
413,1090414,0,0.3112468567756835
414,1090415,0,0.28714395632136364
415,1090416,0,0.24071341119599032
416,1090417,0,0.3032191972506633
417,1090418,1,0.6274511397649312
418,1090419,0,0.41572800008901845
419,1090420,1,0.733756562422028
420,1090421,1,0.5007577743813815
421,1090422,1,0.500912841469314
422,1090423,0,0.3172738433746233
423,1090424,1,0.6046967140211182
424,1090425,1,0.6233142252847281
425,1090426,0,0.11820408236509376
426,1090427,0,0.2731574304224967
427,1090428,0,0.1931360407629606
428,1090429,1,0.57035380872025
429,1090430,0,0.24819356603658058
430,1090431,0,0.27351393604382473
431,1090432,1,0.5527852560440536
432,1090433,1,0.5780634519121622
433,1090434,0,0.3410192325496978
434,1090435,1,0.5955029882375751
435,1090436,0,0.4312163291226289
436,1090437,0,0.1521206961844409
437,1090438,1,0.8107151832492316
438,1090439,1,0.8287347615890357
439,1090440,0,0.2648768553533571
440,1090441,1,0.7166452587668357
441,1090442,0,0.27995152421331254
442,1090443,0,0.277630422319226
443,1090444,0,0.18468121644500807
444,1090445,1,0.6525966442975668
445,1090446,1,0.6412470877884094
446,1090447,1,0.5134704294106083
447,1090448,1,0.8510944064318706
448,1090449,1,0.5763707541199291
449,1090450,0,0.3201254846129945
450,1090451,1,0.6188809525191803
451,1090452,0,0.21847564279002615
452,1090453,0,0.26240208167810636
453,1090454,1,0.6346112226631632
454,1090455,0,0.20507616680644336
455,1090456,1,0.5866932024860824
456,1090457,1,0.6546664932459029
457,1090458,0,0.38068494883116993
458,1090459,1,0.5299928254792801
459,1090460,0,0.2801548040706217
460,1090461,0,0.32786441027307334
461,1090462,1,0.7883729687329866
462,1090463,1,0.6088377593765545
463,1090464,0,0.21878536582582736
464,1090465,0,0.26685908496222865
465,1090466,1,0.6000148615031813
466,1090467,1,0.676330120211836
467,1090468,0,0.39339390470413643
468,1090469,1,0.5893837760778284
469,1090470,1,0.5525222777129934
470,1090471,1,0.6657831736119428
471,1090472,0,0.2138275386652965
472,1090473,1,0.6307100871773221
473,1090474,0,0.4743901808823029
474,1090475,0,0.4842574333932259
475,1090476,1,0.6634665181377526
476,1090477,0,0.3327753290916118
477,1090478,0,0.22065746056619523
478,1090479,0,0.21078913152011083
479,1090480,0,0.23816395331886434
480,1090481,0,0.2906091486475555
481,1090482,0,0.4361183175936915
482,1090483,0,0.17521638864341285
483,1090484,1,0.6221396219288222
484,1090485,1,0.6648649623603645
485,1090486,1,0.5058262615025015
486,1090487,0,0.21746212069952614
487,1090488,0,0.28154083792607937
488,1090489,1,0.5014468683850144
489,1090490,0,0.3425371706807112
490,1090491,1,0.6674651270325499
491,1090492,1,0.5335404627018625
492,1090493,0,0.33249598484968934
493,1090494,0,0.2733979195726115
494,1090495,0,0.29361619966389596
495,1090496,1,0.5509480122257422
496,1090497,1,0.6514462757180953
497,1090498,1,0.5906404019403373
498,1090499,1,0.59678339490556
499,1090500,0,0.46082662647101963
500,1090501,0,0.17197373438777902
501,1090502,1,0.551618526189949
502,1090503,0,0.3982589016502864
503,1090504,0,0.3769460317363557
504,1090505,1,0.6319922116575758
505,1090506,1,0.5423507771298939
506,1090507,0,0.30874815722655974
507,1090508,0,0.4701498464912126
508,1090509,0,0.4190304768362547
509,1090510,1,0.6040871795957399
510,1090511,1,0.6084504752380102
511,1090512,0,0.19303073175784666
512,1090513,0,0.3244215889412754
513,1090514,1,0.530057792222225
514,1090515,0,0.4601283123663476
515,1090516,1,0.6554783270381842
516,1090517,1,0.6283330461329095
517,1090518,1,0.5713000110883075
518,1090519,0,0.4425389979357832
519,1090520,1,0.5913895556531001
520,1090521,0,0.18764909547694303
521,1090522,1,0.5958578969520555
522,1090523,0,0.22057389169357874
523,1090524,1,0.6486698938399648
524,1090525,0,0.2670818902855504
525,1090526,1,0.7367826643467303
526,1090527,1,0.7494329531784545
527,1090528,0,0.39255337602532
528,1090529,0,0.4678789840340886
529,1090530,1,0.581148927310979
530,1090531,0,0.32585937009149074
531,1090532,0,0.3373958267969207
532,1090533,0,0.3936563903078206
533,1090534,0,0.4004595680667011
534,1090535,1,0.6750838848812246
535,1090536,0,0.24007247817637398
536,1090537,0,0.4455734554422828
537,1090538,0,0.12860802504812804
538,1090539,0,0.2604293352392968
539,1090540,1,0.7307135348787867
540,1090541,1,0.8747104714141163
541,1090542,0,0.22428975400329693
542,1090543,0,0.20459333281701023
543,1090544,0,0.2535531021496166
544,1090545,1,0.5405018858926193
545,1090546,1,0.5697543570214992
546,1090547,0,0.4897326210660607
547,1090548,0,0.31440115508862265
548,1090549,1,0.631590556010978
549,1090550,1,0.7089442084882234
550,1090551,0,0.24132587005118308
551,1090552,0,0.32445967492447547
552,1090553,0,0.43775620020629663
553,1090554,0,0.3805924093724178
554,1090555,0,0.4908690481560376
555,1090556,0,0.19596005113857443
556,1090557,0,0.20000063417508918
557,1090558,1,0.631299907878316
558,1090559,0,0.34791789034335385
559,1090560,1,0.8187226659436386
560,1090561,0,0.2869038986722957
561,1090562,1,0.7634280110101742
562,1090563,0,0.23131402921869657
563,1090564,1,0.6246593161794304
564,1090565,0,0.2389169423033845
565,1090566,1,0.5942554018087705
566,1090567,1,0.6330575714130817
567,1090568,0,0.2562775320284212
568,1090569,0,0.19172817382845495
569,1090570,0,0.33000191979873916
570,1090571,0,0.18455622991667117
571,1090572,0,0.45382388936372114
572,1090573,0,0.3699840758834748
573,1090574,0,0.35538226672504475
574,1090575,0,0.4639054619435415
575,1090576,0,0.18179257606472213
576,1090577,0,0.46063100889430636
577,1090578,0,0.247463596768194
578,1090579,0,0.364023212283433
579,1090580,1,0.5169096219007131
580,1090581,0,0.22239664097932818
581,1090582,1,0.725728712399059
582,1090583,1,0.7371198753052407
583,1090584,0,0.3194360206415733
584,1090585,0,0.3589986869313118
585,1090586,0,0.16377124969814152
586,1090587,1,0.7137652001566429
587,1090588,1,0.6075712854486186
588,1090589,1,0.571476526078992
589,1090590,1,0.7362226269006535
590,1090591,1,0.534312058271386
591,1090592,1,0.5775651282952969
592,1090593,0,0.2839796960044241
593,1090594,0,0.26245038866225606
594,1090595,0,0.18289174621600712
595,1090596,0,0.34030054395955434
596,1090597,1,0.8863466659965208
597,1090598,1,0.6924162112535835
598,1090599,1,0.5492059920106542
599,1090600,0,0.12903202553817755
600,1090601,1,0.6343280318382292
601,1090602,1,0.6765113500795656
602,1090603,1,0.7255315864745692
603,1090604,0,0.3442762496948628
604,1090605,1,0.799714934708815
605,1090606,0,0.3667436395911499
606,1090607,0,0.3699984948933544
607,1090608,0,0.4139289899543379
608,1090609,0,0.17112407497454993
609,1090610,1,0.5049816184369537
610,1090611,0,0.21514346824703234
611,1090612,0,0.42457891726079555
612,1090613,0,0.33838756483068516
613,1090614,1,0.6784063730549953
614,1090615,1,0.6193046513632178
615,1090616,0,0.2349460188112051
616,1090617,0,0.26430319939716623
617,1090618,1,0.510265059390023
618,1090619,0,0.4435730753261976
619,1090620,0,0.18641383442263448
620,1090621,1,0.6747269414559478
621,1090622,0,0.3716282123139788
622,1090623,1,0.7715934670446829
623,1090624,0,0.2337211072248054
624,1090625,0,0.35548099377677395
625,1090626,0,0.42090182342800103
626,1090627,1,0.6850427393001212
627,1090628,1,0.5277662960020847
628,1090629,0,0.31740579335883895
629,1090630,0,0.3118778017556291
630,1090631,0,0.3296647610676711
631,1090632,0,0.2590951463988712
632,1090633,1,0.7017020035403246
633,1090634,0,0.45898884594290373
634,1090635,0,0.42899210648156544
635,1090636,1,0.7140791679374281
636,1090637,1,0.6200133629550029
637,1090638,1,0.7068075285938735
638,1090639,0,0.4586834357464695
639,1090640,0,0.2979784948719153
640,1090641,1,0.5098149621787305
641,1090642,0,0.47106432758973743
642,1090643,1,0.6762917712244365
643,1090644,1,0.8542026495897126
644,1090645,0,0.4652031358148544
645,1090646,0,0.2946392542375627
646,1090647,1,0.6678573245956352
647,1090648,0,0.2448143465099185
648,1090649,1,0.5889736427547142
649,1090650,1,0.7571340828309591
650,1090651,1,0.5953000436258736
651,1090652,0,0.2843875571894846
652,1090653,1,0.6844256018129696
653,1090654,1,0.588248622891048
654,1090655,0,0.37091105364108984
655,1090656,0,0.3731427651022652
656,1090657,0,0.3368536164594896
657,1090658,1,0.5674288728584478
658,1090659,1,0.6846356905412411
659,1090660,1,0.7098134247961646
660,1090661,0,0.1828212833336293
661,1090662,1,0.534300679027156
662,1090663,1,0.5360129535320357
663,1090664,0,0.25906378356956367
664,1090665,0,0.4270706071609297
665,1090666,0,0.431052299639424
666,1090667,0,0.24456507373515013
667,1090668,0,0.35471069366704466
668,1090669,0,0.3169317595317791
669,1090670,0,0.3675207733144503
670,1090671,0,0.4620434475393014
671,1090672,0,0.22103299786613342
672,1090673,1,0.5472264210489086
673,1090674,0,0.4608069831520282
674,1090675,0,0.2689033229968481
675,1090676,0,0.49478720238762225
676,1090677,1,0.7235046671634822
677,1090678,1,0.5938997527097057
678,1090679,1,0.729926171323432
679,1090680,0,0.206552431202657
680,1090681,1,0.6259892394345842
681,1090682,0,0.41222194404552304
682,1090683,0,0.24257480484176877
683,1090684,1,0.6561539054722076
684,1090685,1,0.5092381888168832
685,1090686,0,0.36063380978648085
686,1090687,1,0.6263618577450637
687,1090688,1,0.8043926710076984
688,1090689,0,0.21612935865298064
689,1090690,0,0.33672246078870877
690,1090691,1,0.5631757717422835
691,1090692,1,0.6751486215561745
692,1090693,1,0.6268821595844052
693,1090694,1,0.5572802437752057
694,1090695,0,0.3608183151091237
695,1090696,1,0.9025143588051737
696,1090697,0,0.2748434146016129
697,1090698,0,0.3747766158039154
698,1090699,0,0.23224699046555197
699,1090700,1,0.5338258871002207
700,1090701,1,0.8607572931420873
701,1090702,0,0.4267018002065721
702,1090703,0,0.2529476424952731
703,1090704,0,0.4554839297066925
704,1090705,0,0.29166890100822046
705,1090706,0,0.22284097736435224
706,1090707,0,0.40932522865686943
707,1090708,0,0.26397542184709594
708,1090709,0,0.4436946081935393
709,1090710,0,0.37743866903742646
710,1090711,0,0.22060664964799998
711,1090712,0,0.4813300343339695
712,1090713,1,0.725118734946581
713,1090714,0,0.33540851121392334
714,1090715,1,0.5138192740199853
715,1090716,0,0.273138147613003
716,1090717,0,0.2674974774472495
717,1090718,0,0.19555406738033299
718,1090719,0,0.3929101100580388
719,1090720,0,0.49543200373064417
720,1090721,0,0.41580256664136656
721,1090722,0,0.30833742324234437
722,1090723,0,0.2917307993469397
723,1090724,0,0.4389830131627097
724,1090725,0,0.13658731559290388
725,1090726,1,0.5485776343715196
726,1090727,0,0.3369835596321517
727,1090728,0,0.34866283013935645
728,1090729,1,0.5852061690910773
729,1090730,1,0.7792857767972822
730,1090731,0,0.34952935241957517
731,1090732,0,0.45730369762227746
732,1090733,1,0.6552748633085395
733,1090734,0,0.13641011586333707
734,1090735,0,0.18660433120896616
735,1090736,1,0.7070690878305466
736,1090737,1,0.6837702059243022
737,1090738,1,0.608210764107264
738,1090739,0,0.3301766640755599
739,1090740,0,0.18315952311264713
740,1090741,0,0.3969350901581515
741,1090742,0,0.28486771724076265
742,1090743,0,0.19371649461013246
743,1090744,0,0.28457879513660744
744,1090745,0,0.22894086583893508
745,1090746,1,0.7168461631487849
746,1090747,1,0.7130164084767925
747,1090748,1,0.6455547131025164
748,1090749,0,0.31797699933784285
749,1090750,1,0.9770364144806017
750,1090751,0,0.30918695547406927
751,1090752,1,0.6368313219233939
752,1090753,0,0.27821681152728717
753,1090754,0,0.3305790922902367
754,1090755,1,0.642310476834453
755,1090756,0,0.16176759039483365
756,1090757,0,0.2994623241416106
757,1090758,1,0.7596068223253671
758,1090759,1,0.6335557910066751
759,1090760,1,0.6219100130792953
760,1090761,0,0.4887836593850307
761,1090762,0,0.4258215614241331
762,1090763,1,0.5966697594792275
763,1090764,0,0.4573992104598669
764,1090765,1,0.6423717111142209
765,1090766,1,0.6757883930470124
766,1090767,1,0.5754593374702274
767,1090768,0,0.27255658591566667
768,1090769,0,0.196853148388069
769,1090770,1,0.5005680706294678
770,1090771,1,0.5396571179768794
771,1090772,1,0.5185555176152026
772,1090773,0,0.2365482000876253
773,1090774,0,0.3266599481601059
774,1090775,1,0.6079171865336254
775,1090776,0,0.2578821632699457
776,1090777,1,0.7433683094477948
777,1090778,1,0.5657754499951396
778,1090779,1,0.691001576090788
779,1090780,0,0.3663048614201958
780,1090781,0,0.23547429820940632
781,1090782,0,0.3416117661894507
782,1090783,1,0.5879683197188885
783,1090784,1,0.851763622548053
784,1090785,0,0.25510297704601664
785,1090786,1,0.5169071771723845
786,1090787,0,0.29898641055202735
787,1090788,0,0.4469988264865501
788,1090789,0,0.4879242056141053
789,1090790,0,0.33352140051297613
790,1090791,0,0.2609585349654367
791,1090792,1,0.6866370575239557
792,1090793,0,0.20730779315827783
793,1090794,0,0.4192439055832778
794,1090795,0,0.4704903936254082
795,1090796,0,0.2519448159551005
796,1090797,1,0.6065206799244982
797,1090798,0,0.4540382911039804
798,1090799,0,0.1967362782625802
799,1090800,1,0.8328504165409144
800,1090801,0,0.30428420161938086
801,1090802,0,0.3979611972800817
802,1090803,0,0.3419596807973262
803,1090804,1,0.5540828526292205
804,1090805,0,0.13894815750823078
805,1090806,1,0.7332498993083036
806,1090807,1,0.5038057117115139
807,1090808,0,0.43341476232909504
808,1090809,0,0.35726291196858695
809,1090810,0,0.280915626605708
810,1090811,1,0.7004155342797883
811,1090812,1,0.5394756015512489
812,1090813,0,0.47212350413814314
813,1090814,0,0.37911714920101525
814,1090815,0,0.2767158682285582
815,1090816,0,0.38812435970014897
816,1090817,0,0.23023914126922057
817,1090818,0,0.4106831507348234
818,1090819,1,0.5839256085568986
819,1090820,0,0.3010985678549777
820,1090821,1,0.6757076124010454
821,1090822,1,0.8553664507180959
822,1090823,0,0.3388772257892181
823,1090824,1,0.7154490299649409
824,1090825,1,0.7320753722262149
825,1090826,1,0.8403664241511403
826,1090827,1,0.512991308443078
827,1090828,1,0.5414214572098534
828,1090829,1,0.5081221851927489
829,1090830,0,0.33341858629634286
830,1090831,0,0.24898819030569144
831,1090832,0,0.2876954766384715
832,1090833,1,0.7932977299399078
833,1090834,0,0.2932007940492317
834,1090835,0,0.2178416612705592
835,1090836,1,0.7556392468827966
836,1090837,1,0.5101777400914488
837,1090838,0,0.25495981670737894
838,1090839,0,0.2638083715798328
839,1090840,0,0.44385605430406383
840,1090841,0,0.23641632931062906
841,1090842,0,0.3780228909498155
842,1090843,0,0.35283175362731295
843,1090844,0,0.27568877049246626
844,1090845,0,0.15275035560692546
845,1090846,0,0.36662867686667866
846,1090847,0,0.30914145737093235
847,1090848,1,0.7217134745298575
848,1090849,1,0.8930320781854018
849,1090850,1,0.6284633845270099
850,1090851,1,0.62466532153464
851,1090852,1,0.6295636344830395
852,1090853,1,0.5933248099797355
853,1090854,0,0.240760349676331
854,1090855,1,0.6012751022668288
855,1090856,1,0.5995216572983126
856,1090857,0,0.2173934571092707
857,1090858,0,0.3787117158203038
858,1090859,0,0.4824704922660258
859,1090860,1,0.5371026858697246
860,1090861,1,0.5874263495907748
861,1090862,1,0.5055036351382762
862,1090863,0,0.2835112502241982
863,1090864,1,0.6429296419467286
864,1090865,1,0.6874158038630874
865,1090866,1,0.636686476604782
866,1090867,0,0.24410563624674667
867,1090868,0,0.26257893766460677
868,1090869,0,0.4457777941805999
869,1090870,1,0.53766552593101
870,1090871,1,0.5779386397170776
871,1090872,0,0.28610047521984766
872,1090873,1,0.5477570393607616
873,1090874,1,0.551951598566572
874,1090875,0,0.3989572860876992
875,1090876,1,0.6074855518891914
876,1090877,1,0.7598628812296748
877,1090878,0,0.47273982608721743
878,1090879,1,0.5367073331276987
879,1090880,0,0.17825869189209734
880,1090881,1,0.6118122869997442
881,1090882,0,0.30997605571812215
882,1090883,0,0.18465089330925133
883,1090884,1,0.6401255039996392
884,1090885,1,0.5938175058012501
885,1090886,0,0.2451593476638508
886,1090887,1,0.745854307271544
887,1090888,1,0.6015662259291392
888,1090889,0,0.3317932025669503
889,1090890,1,0.5998365162305688
890,1090891,0,0.18491765767195775
891,1090892,0,0.1691967256279301
892,1090893,0,0.4038145301184239
893,1090894,1,0.6679213070778797
894,1090895,1,0.7057184342288609
895,1090896,1,0.5404275095059978
896,1090897,0,0.3924395046101127
897,1090898,0,0.30504593223274856
898,1090899,0,0.37884248450064933
899,1090900,0,0.31432626460851554
900,1090901,1,0.586534765136221
901,1090902,1,0.6374516059435147
902,1090903,0,0.214079356244354
903,1090904,1,0.5331835885782056
904,1090905,0,0.296516588693788
905,1090906,1,0.8111920299214518
906,1090907,0,0.25667724067599557
907,1090908,0,0.2532744938180862
908,1090909,1,0.6991142903261748
909,1090910,1,0.5262591154253352
910,1090911,0,0.3673715425810521
911,1090912,0,0.2491753293299782
912,1090913,1,0.607496935756892
913,1090914,0,0.2953331844982732
914,1090915,0,0.4397839283803315
915,1090916,1,0.7023402475990277
916,1090917,0,0.3233577509952984
917,1090918,0,0.3590274354766339
918,1090919,0,0.3299975667629374
919,1090920,1,0.5017318942276299
920,1090921,0,0.47066688147166086
921,1090922,1,0.6222873933248645
922,1090923,1,0.5404798719281059
923,1090924,0,0.10949390453940376
924,1090925,1,0.5642379085085222
925,1090926,1,0.5055399171575371
926,1090927,1,0.5400784244985773
927,1090928,0,0.44485282386811204
928,1090929,1,0.6561013103822997
929,1090930,1,0.6850987059895263
930,1090931,0,0.3365800819193882
931,1090932,1,0.8956900758204703
932,1090933,0,0.2237267899484554
933,1090934,0,0.49286884143675247
934,1090935,0,0.2581714593533462
935,1090936,1,0.547542738540959
936,1090937,0,0.27204891801522557
937,1090938,0,0.3608902058059037
938,1090939,1,0.6070984759255462
939,1090940,0,0.46395426983707905
940,1090941,1,0.5645922919216818
941,1090942,1,0.6751718720440442
942,1090943,1,0.5556979818136467
943,1090944,0,0.3013321156833732
944,1090945,0,0.24641084497106638
945,1090946,1,0.5324217156759924
946,1090947,0,0.41745081139069656
947,1090948,1,0.7091792159382284
948,1090949,0,0.3878915948498448
949,1090950,0,0.4586094268961861
950,1090951,1,0.5370006211786179
951,1090952,1,0.6429105196801101
952,1090953,0,0.24512895887070923
953,1090954,0,0.2726070539404569
954,1090955,0,0.12059021932671433
955,1090956,0,0.3513099933812151
956,1090957,0,0.4624282594891846
957,1090958,1,0.5169476629791667
958,1090959,0,0.23698163202153402
959,1090960,0,0.40193350585065196
960,1090961,0,0.3270979169320868
961,1090962,1,0.639852773873579
962,1090963,1,0.7099413725786327
963,1090964,0,0.4958640442963681
964,1090965,0,0.4892814548031941
965,1090966,0,0.31417079970198003
966,1090967,0,0.4866894981516017
967,1090968,0,0.14577649915699403
968,1090969,0,0.27512475521574975
969,1090970,0,0.34462124571328445
970,1090971,1,0.5365588602883355
971,1090972,1,0.5243458822805982
972,1090973,1,0.595009308409092
973,1090974,1,0.5354918905957774
974,1090975,0,0.18502347388285365
975,1090976,0,0.4670764002598224
976,1090977,1,0.6439474672460792
977,1090978,0,0.49140773298882273
978,1090979,0,0.20226281269911003
979,1090980,1,0.6021999089224227
980,1090981,1,0.653941737318709
981,1090982,1,0.6394911266081371
982,1090983,1,0.6217389819917961
983,1090984,0,0.27004422029310904
984,1090985,0,0.3019284023004378
985,1090986,1,0.7851118373182789
986,1090987,1,0.6772099337158388
987,1090988,1,0.6053942563160108
988,1090989,0,0.24833407329466364
989,1090990,0,0.322182830802388
990,1090991,1,0.6680747494283931
991,1090992,1,0.5547428691572668
992,1090993,0,0.3076566259218412
993,1090994,1,0.502185791075943
994,1090995,0,0.3331060234982753
995,1090996,1,0.6647857244745581
996,1090997,0,0.3246062836840888
997,1090998,0,0.294628532597591
998,1090999,0,0.4788628020317898
999,1091000,0,0.2696964176441465
1000,1091001,1,0.5675756106415504
1001,1091002,1,0.6258376382987088
1002,1091003,0,0.25744514788666356
1003,1091004,1,0.6837122906337416
1004,1091005,0,0.30859010265113496
1005,1091006,1,0.635638643013891
1006,1091007,1,0.6295399205166579
1007,1091008,1,0.6225117658400249
1008,1091009,1,0.6345541871821586
1009,1091010,1,0.567079393151331
1010,1091011,0,0.23630049936408126
1011,1091012,0,0.44785547798142455
1012,1091013,0,0.47811476324747176
1013,1091014,0,0.23512924275631383
1014,1091015,0,0.448820745516935
1015,1091016,1,0.6985283947852923
1016,1091017,1,0.5146185387004285
1017,1091018,0,0.2766275425690165
1018,1091019,0,0.28680550740916794
1019,1091020,1,0.748396562593229
1020,1091021,1,0.5346305462221262
1021,1091022,1,0.7023665758314545
1022,1091023,1,0.7222270572556257
1023,1091024,0,0.23398054297524215
1024,1091025,0,0.2846756071498491
1025,1091026,1,0.6183496457399205
1026,1091027,1,0.5413172798524659
1027,1091028,0,0.38152456993148065
1028,1091029,1,0.582528365027286
1029,1091030,0,0.30246906432774284
1030,1091031,1,0.5838663232886488
1031,1091032,1,0.687116952299421
1032,1091033,0,0.26634853436362516
1033,1091034,1,0.6806296289369406
1034,1091035,0,0.24459905063951592
1035,1091036,0,0.3678399994743462
1036,1091037,0,0.3034753767737809
1037,1091038,0,0.34458070555195586
1038,1091039,0,0.19854126421751556
1039,1091040,1,0.640553216184696
1040,1091041,1,0.5133271865270242
1041,1091042,0,0.2962312919207089
1042,1091043,0,0.48993023695674026
1043,1091044,1,0.7616519473577565
1044,1091045,1,0.7276832438350058
1045,1091046,0,0.4532460959360611
1046,1091047,1,0.789203394800405
1047,1091048,0,0.3285307065975218
1048,1091049,1,0.6675867340781486
1049,1091050,0,0.31196488407201833
1050,1091051,0,0.43049775918075217
1051,1091052,1,0.6227699852167045
1052,1091053,0,0.4014143523919932
1053,1091054,0,0.23427557278825759
1054,1091055,0,0.304935529525395
1055,1091056,1,0.672739972447107
1056,1091057,1,0.7074844624233113
1057,1091058,0,0.3347285923748565
1058,1091059,1,0.6201244787827707
1059,1091060,1,0.5217382350510997
1060,1091061,0,0.26028179599102264
1061,1091062,0,0.46466028579205537
1062,1091063,1,0.7575032659022677
1063,1091064,0,0.20232081148479542
1064,1091065,0,0.4414138967314134
1065,1091066,1,0.5889040006004735
1066,1091067,1,0.5935701211147977
1067,1091068,0,0.3291228951913114
1068,1091069,0,0.2501675077979609
1069,1091070,0,0.2400881773632588
1070,1091071,1,0.5114667518259074
1071,1091072,0,0.3655711560594198
1072,1091073,0,0.3209454073204434
1073,1091074,0,0.19131265743453338
1074,1091075,0,0.21870871679882506
1075,1091076,0,0.4478806281627494
1076,1091077,0,0.29664380805529206
1077,1091078,0,0.3084284697453476
1078,1091079,0,0.19645358896494253
1079,1091080,1,0.6089062057349638
1080,1091081,1,0.7574866179900444
1081,1091082,0,0.28962034781925
1082,1091083,0,0.20608911622351425
1083,1091084,0,0.48644225937305924
1084,1091085,0,0.48902750809394935
1085,1091086,0,0.3740791023881145
1086,1091087,1,0.5857301039892473
1087,1091088,0,0.28273494970794255
1088,1091089,0,0.2875524565082052
1089,1091090,1,0.7867486920953386
1090,1091091,1,0.5408411501207722
1091,1091092,1,0.6241581016638503
1092,1091093,1,0.5788881159572092
1093,1091094,0,0.421758840795321
1094,1091095,0,0.49425548579027345
1095,1091096,0,0.2979032860775168
1096,1091097,1,0.7020733141563043
1097,1091098,0,0.2644001853469942
1098,1091099,0,0.36562044943219557
1099,1091100,1,0.9015435054619348
1100,1091101,1,0.7019321761093512
1101,1091102,1,0.6157869424178475
1102,1091103,0,0.29228930278853715
1103,1091104,0,0.20786075699528067
1104,1091105,0,0.3909993669318718
1105,1091106,1,0.7569937829440723
1106,1091107,0,0.1959745882417996
1107,1091108,0,0.35505089749996904
1108,1091109,1,0.6031470162309049
1109,1091110,0,0.31144467897299943
1110,1091111,0,0.24903610503994708
1111,1091112,0,0.2682548082645173
1112,1091113,0,0.3534930151837145
1113,1091114,0,0.24069612009292465
1114,1091115,0,0.4271040591381814
1115,1091116,0,0.37417740669242044
1116,1091117,0,0.36612431666820516
1117,1091118,0,0.28232023508312454
1118,1091119,1,0.7636505423584145
1119,1091120,1,0.7692086747283436
1120,1091121,0,0.3005223671384731
1121,1091122,1,0.5066998269294348
1122,1091123,0,0.47595939737554527
1123,1091124,1,0.5863869765560852
1124,1091125,0,0.17404940387632867
1125,1091126,0,0.2607057158786719
1126,1091127,0,0.37570256493179405
1127,1091128,1,0.7351008826099333
1128,1091129,0,0.3883070120325765
1129,1091130,1,0.8004561864871454
1130,1091131,0,0.29525645066189093
1131,1091132,0,0.42054431224368094
1132,1091133,1,0.6430446016223792
1133,1091134,1,0.6269988582299808
1134,1091135,1,0.6668860759600367
1135,1091136,0,0.49360437083403824
1136,1091137,0,0.20871941846630396
1137,1091138,1,0.6444800407775763
1138,1091139,1,0.9700897231030684
1139,1091140,1,0.5278970629257714
1140,1091141,1,0.6075726749491723
1141,1091142,1,0.582693567840209
1142,1091143,0,0.28144412924700013
1143,1091144,1,0.5681866946836805
1144,1091145,0,0.40232187785449647
1145,1091146,0,0.49457921395359716
1146,1091147,1,0.7647066148543775
1147,1091148,0,0.1690332251202258
1148,1091149,1,0.5273958919626968
1149,1091150,0,0.4957424296524384
1150,1091151,1,0.6229588911517768
1151,1091152,0,0.16617163866152124
1152,1091153,1,0.5248602704397836
1153,1091154,0,0.21505072443490653
1154,1091155,1,0.7976137409794014
1155,1091156,0,0.2756523979427836
1156,1091157,0,0.26431222008437977
1157,1091158,0,0.48488317591944197
1158,1091159,1,0.7337887111552922
1159,1091160,1,0.5750179344752345
1160,1091161,0,0.39996823555126215
1161,1091162,0,0.25868183252947347
1162,1091163,1,0.6645543116530392
1163,1091164,0,0.19672535484674014
1164,1091165,0,0.48399925740825905
1165,1091166,0,0.23449806353291766
1166,1091167,1,0.7787440034333087
1167,1091168,0,0.1844309251832489
1168,1091169,0,0.455743932478745
1169,1091170,1,0.5989299970197763
1170,1091171,1,0.5631515767172627
1171,1091172,1,0.8122039114924702
1172,1091173,1,0.5740533344415951
1173,1091174,1,0.5927091587061781
1174,1091175,0,0.26279533311940123
1175,1091176,0,0.3294353830198507
1176,1091177,1,0.6868675269800594
1177,1091178,1,0.5422462313818743
1178,1091179,0,0.4325824676003707
1179,1091180,0,0.3046299369978135
1180,1091181,1,0.5346781857660402
1181,1091182,0,0.3597718581057657
1182,1091183,0,0.4820299708200482
1183,1091184,0,0.16958578976891353
1184,1091185,0,0.16420644345210106
1185,1091186,0,0.2239379042158531
1186,1091187,0,0.4621750526797242
1187,1091188,1,0.608906120032201
1188,1091189,0,0.2165263176740048
1189,1091190,1,0.6074208769549588
1190,1091191,0,0.26158697899288635
1191,1091192,1,0.6689370212645175
1192,1091193,1,0.5589310610309308
1193,1091194,1,0.5293297973039374
1194,1091195,1,0.7492399618305912
1195,1091196,0,0.488765783343921
1196,1091197,0,0.2695311019209517
1197,1091198,0,0.4888358128964532
1198,1091199,0,0.3320388431224738
1199,1091200,0,0.235239555325122
1200,1091201,0,0.30058721333515875
1201,1091202,0,0.48324364657370183
1202,1091203,0,0.21733368584707236
1203,1091204,0,0.38152751193565143
1204,1091205,0,0.2906302632187774
1205,1091206,0,0.2863919876759205
1206,1091207,1,0.7181078862302457
1207,1091208,1,0.6761861143644162
1208,1091209,1,0.5710248208356292
1209,1091210,0,0.2142573700653433
1210,1091211,1,0.6840631728761778
1211,1091212,1,0.537932208461597
1212,1091213,0,0.4011341253948687
1213,1091214,1,0.603164852323588
1214,1091215,0,0.32262823163566845
1215,1091216,0,0.278580886838666
1216,1091217,0,0.28397915673006796
1217,1091218,0,0.37270035221584186
1218,1091219,1,0.5624065535379461
1219,1091220,0,0.39634556761546147
1220,1091221,0,0.1430465764164061
1221,1091222,1,0.8476912054219474
1222,1091223,0,0.22412342849095862
1223,1091224,0,0.4968907192910821
1224,1091225,0,0.24694573344947973
1225,1091226,1,0.5750573974065197
1226,1091227,1,0.9848680287685863
1227,1091228,0,0.1625883726549492
1228,1091229,0,0.36591398503962325
1229,1091230,1,0.5053585484287104
1230,1091231,1,0.6767912339057129
1231,1091232,0,0.31189206297806166
1232,1091233,0,0.12473097780183727
1233,1091234,1,0.6268900370600186
1234,1091235,0,0.222147748407215
1235,1091236,0,0.28341759606169187
1236,1091237,0,0.33827901378424313
1237,1091238,0,0.4124374102746705
1238,1091239,0,0.35376787101251833
1239,1091240,0,0.20422623635121473
1240,1091241,0,0.29221168805786185
1241,1091242,1,0.5268910584899003
1242,1091243,0,0.22325994929389242
1243,1091244,0,0.18694014648624022
1244,1091245,0,0.19290474590017584
1245,1091246,1,0.5506129240484078
1246,1091247,0,0.23439028420504748
1247,1091248,0,0.12515505590094111
1248,1091249,0,0.24894960718170375
1249,1091250,1,0.5930634737727081
1250,1091251,0,0.19056594232581217
1251,1091252,1,0.7112063787424937
1252,1091253,0,0.35172227928091176
1253,1091254,1,0.6658487345905459
1254,1091255,1,0.6387750430422022
1255,1091256,1,0.615916619361602
1256,1091257,1,0.663702382965242
1257,1091258,0,0.3370906220062067
1258,1091259,1,0.5482409381743967
1259,1091260,0,0.40363123391273076
1260,1091261,1,0.5825590077942401
1261,1091262,0,0.37770847342191666
1262,1091263,1,0.6249974619218748
1263,1091264,0,0.192259259188173
1264,1091265,1,0.5872877827783264
1265,1091266,0,0.3163978494743816
1266,1091267,0,0.2171193439710675
1267,1091268,0,0.3561378207814935
1268,1091269,1,0.5531242818248367
1269,1091270,0,0.20201338926070303
1270,1091271,0,0.1835002691131742
1271,1091272,1,0.7512429008738873
1272,1091273,1,0.5571564510552635
1273,1091274,0,0.3182537501861025
1274,1091275,0,0.27212076212221137
1275,1091276,0,0.42965110197092543
1276,1091277,1,0.5117956884575984
1277,1091278,1,0.6925889341162867
1278,1091279,0,0.19331683907620373
1279,1091280,0,0.25943783100279233
1280,1091281,0,0.2964858270969112
1281,1091282,1,0.7978078270920991
1282,1091283,0,0.40889382291495063
1283,1091284,0,0.3707847932913448
1284,1091285,0,0.3183482159872668
1285,1091286,0,0.16962897968744778
1286,1091287,0,0.4377317019614449
1287,1091288,1,0.5130052760531102
1288,1091289,0,0.16073896051483308
1289,1091290,1,0.6046825558409166
1290,1091291,0,0.22137104328342364
1291,1091292,1,0.5651015474676879
1292,1091293,0,0.27083345884711113
1293,1091294,1,0.5787509228005728
1294,1091295,1,0.8206197779993021
1295,1091296,1,0.5409485092655857
1296,1091297,1,0.5269157341596598
1297,1091298,0,0.39177196125954383
1298,1091299,1,0.5876228393465437
1299,1091300,0,0.321412013248297
1300,1091301,0,0.3920909373432736
1301,1091302,1,0.6367152320164146
1302,1091303,1,0.6737280256210318
1303,1091304,0,0.4167860017205269
1304,1091305,0,0.2910834568738954
1305,1091306,0,0.19087697962381742
1306,1091307,0,0.36435266994893334
1307,1091308,0,0.2390849252239032
1308,1091309,0,0.34861075751496756
1309,1091310,1,0.5538507278847916
1310,1091311,1,0.700539392308192
1311,1091312,0,0.43673776692778554
1312,1091313,1,0.571057067346855
1313,1091314,0,0.31207782786935157
1314,1091315,1,0.7783062264391974
1315,1091316,1,0.5803135074591539
1316,1091317,0,0.2469083106614199
1317,1091318,0,0.31096729640535636
1318,1091319,1,0.6110496054526703
1319,1091320,0,0.19753570429234776
1320,1091321,1,0.7223025252304007
1321,1091322,0,0.19159324862802743
1322,1091323,0,0.3743371139336386
1323,1091324,1,0.5429029808911586
1324,1091325,0,0.35418780262750876
1325,1091326,0,0.33219479544903546
1326,1091327,0,0.4553570063687068
1327,1091328,1,0.5224165222057767
1328,1091329,0,0.3360355537360497
1329,1091330,0,0.21751261947173206
1330,1091331,0,0.4533327621155523
1331,1091332,1,0.6754895370917245
1332,1091333,1,0.6775559328393707
1333,1091334,1,0.512666187449749
1334,1091335,0,0.18154554467115913
1335,1091336,0,0.32437493391285827
1336,1091337,1,0.6030612609140668
1337,1091338,0,0.3879845531973293
1338,1091339,1,0.6060204736613475
1339,1091340,1,0.8188398656774646
1340,1091341,1,0.6511565034400193
1341,1091342,1,0.6778812025218215
1342,1091343,1,0.6150796328774673
1343,1091344,0,0.37966166260879997
1344,1091345,0,0.14279904521574652
1345,1091346,0,0.24975259301220604
1346,1091347,0,0.39412049460767334
1347,1091348,0,0.41848749611338887
1348,1091349,0,0.2966453655435363
1349,1091350,0,0.328733042653268
1350,1091351,0,0.33064281345028596
1351,1091352,1,0.5808734905713618
1352,1091353,1,0.7033529893131811
1353,1091354,0,0.23472220436890034
1354,1091355,1,0.5224942003196787
1355,1091356,1,0.6511225082454263
1356,1091357,0,0.2966497518367829
1357,1091358,1,0.5635300091020461
1358,1091359,0,0.2853188212873421
1359,1091360,0,0.25328208209380343
1360,1091361,1,0.6397127739940678
1361,1091362,0,0.1491356581850689
1362,1091363,1,0.6085873731187106
1363,1091364,1,0.5889519535970726
1364,1091365,1,0.6566886204422544
1365,1091366,0,0.1977193721690409
1366,1091367,1,0.5993124212079967
1367,1091368,0,0.23149731293998288
1368,1091369,0,0.47914941709325803
1369,1091370,1,0.6860441299279789
1370,1091371,1,0.5449854815532293
1371,1091372,1,0.8376621670794847
1372,1091373,0,0.2525469764120991
1373,1091374,1,0.6470790287075985
1374,1091375,0,0.323765042615946
1375,1091376,1,0.7265238508282007
1376,1091377,1,0.5238872383543289
1377,1091378,0,0.14946262855158177
1378,1091379,0,0.33834532447119303
1379,1091380,0,0.23526249464823343
1380,1091381,0,0.2602387282991665
1381,1091382,0,0.2351603366240752
1382,1091383,0,0.30835644694334935
1383,1091384,1,0.6193126044384916
1384,1091385,0,0.1421474004723564
1385,1091386,1,0.5813388237684955
1386,1091387,0,0.2646162114626921
1387,1091388,1,0.874572480510316
1388,1091389,1,0.6793264975502941
1389,1091390,1,0.7961231517186463
1390,1091391,1,0.6016475928948433
1391,1091392,1,0.6426201088750799
1392,1091393,0,0.3314801269488303
1393,1091394,1,0.5031713786072661
1394,1091395,0,0.2306760049961186
1395,1091396,0,0.45243950869806654
1396,1091397,0,0.2220458653308601
1397,1091398,1,0.5424905392600754
1398,1091399,1,0.7251686219231658
1399,1091400,0,0.2856875837236525
1400,1091401,0,0.479254909249018
1401,1091402,1,0.5264623179568716
1402,1091403,1,0.5555059421074614
1403,1091404,1,0.7293305314788627
1404,1091405,1,0.7304749925627995
1405,1091406,0,0.24063973184876392
1406,1091407,0,0.2731509018008144
1407,1091408,0,0.18221500341806826
1408,1091409,1,0.6381381038402162
1409,1091410,1,0.5094763358957314
1410,1091411,1,0.6298632056802471
1411,1091412,0,0.34809739273594753
1412,1091413,1,0.7518580118922513
1413,1091414,0,0.2537974040463626
1414,1091415,1,0.6943596543457161
1415,1091416,0,0.16825103980420142
1416,1091417,0,0.4860105241694732
1417,1091418,0,0.3218566005671306
1418,1091419,0,0.25405578019435054
1419,1091420,0,0.2516343244335075
1420,1091421,0,0.17590383877738092
1421,1091422,1,0.5810502363388667
1422,1091423,1,0.8119831126844997
1423,1091424,1,0.7526718727535194
1424,1091425,1,0.6139018994734566
1425,1091426,1,0.7231942128055835
1426,1091427,0,0.30604662312154657
1427,1091428,0,0.48953432230666777
1428,1091429,1,0.5589637733947638
1429,1091430,1,0.5378974598977772
1430,1091431,1,0.9224658949280821
1431,1091432,0,0.31481395099232623
1432,1091433,0,0.3460151350743254
1433,1091434,1,0.63918673527608
1434,1091435,1,0.658308294953616
1435,1091436,0,0.21826053039638224
1436,1091437,1,0.5552684930898153
1437,1091438,0,0.18538599496292527
1438,1091439,0,0.15079706566304513
1439,1091440,0,0.22686953833697
1440,1091441,1,0.888343613543081
1441,1091442,0,0.18892857806844504
1442,1091443,1,0.5348099373077188
1443,1091444,0,0.1819025623111476
1444,1091445,0,0.4696508580295795
1445,1091446,0,0.31304384031400656
1446,1091447,0,0.32839949264268636
1447,1091448,1,0.6976464747518368
1448,1091449,1,0.8589073743179284
1449,1091450,0,0.2151563696617818
1450,1091451,0,0.44721256780203433
1451,1091452,0,0.23496249162890806
1452,1091453,0,0.4519388586405421
1453,1091454,1,0.635908922461935
1454,1091455,1,0.7955561580547427
1455,1091456,1,0.5639297290852573
1456,1091457,0,0.33158874886536466
1457,1091458,0,0.4224897925110628
1458,1091459,1,0.6604941090419139
1459,1091460,1,0.5451504842672658
1460,1091461,1,0.562814022759172
1461,1091462,1,0.6881453794744826
1462,1091463,0,0.33431712757327164
1463,1091464,0,0.29951070288189624
1464,1091465,0,0.4086323249521239
1465,1091466,0,0.2281799044345915
1466,1091467,0,0.2147634654704087
1467,1091468,0,0.47223475397165654
1468,1091469,1,0.5656761610107026
1469,1091470,0,0.2570206813616749
1470,1091471,1,0.7539942797746565
1471,1091472,1,0.5032949228628611
1472,1091473,1,0.6138486643430113
1473,1091474,0,0.4090666874652582
1474,1091475,0,0.20791677198735686
1475,1091476,1,0.5295504547368916
1476,1091477,1,0.5884679392641906
1477,1091478,1,0.7706669526805194
1478,1091479,1,0.6096530462963152
1479,1091480,0,0.37333258252929397
1480,1091481,0,0.19102429857698208
1481,1091482,1,0.56614013356324
1482,1091483,1,0.6597560406686284
1483,1091484,0,0.3531094020531143
1484,1091485,0,0.44898026189074014
1485,1091486,1,0.5995589938547866
1486,1091487,1,0.671222025939069
1487,1091488,1,0.5357686958583258
1488,1091489,0,0.3012002064845057
1489,1091490,1,0.5885038391814862
1490,1091491,1,0.6581808767273564
1491,1091492,1,0.8151508336297248
1492,1091493,0,0.316053498563406
1493,1091494,0,0.3289857147948119
1494,1091495,1,0.6180571017653763
1495,1091496,0,0.36213229765820515
1496,1091497,1,0.7066281566495614
1497,1091498,1,0.7050081610597857
1498,1091499,0,0.44810422989356846
1499,1091500,0,0.34066956382002983
1500,1091501,1,0.660926824014172
1501,1091502,0,0.255439674425137
1502,1091503,1,0.5703078899854406
1503,1091504,0,0.40750216029119435
1504,1091505,1,0.7624731494950209
1505,1091506,0,0.14855565168306176
1506,1091507,0,0.3378288626004162
1507,1091508,0,0.2941105110048461
1508,1091509,1,0.8344339310134036
1509,1091510,0,0.38183791481482776
1510,1091511,1,0.5262603389196646
1511,1091512,0,0.4692836417671112
1512,1091513,1,0.7122338907035574
1513,1091514,1,0.5701222487645784
1514,1091515,0,0.4978056574745249
1515,1091516,0,0.2568936788590383
1516,1091517,1,0.7858198682958656
1517,1091518,0,0.33283771549846297
1518,1091519,0,0.272559510520524
1519,1091520,0,0.19748894945229725
1520,1091521,0,0.4629919128495851
1521,1091522,1,0.7251920983536532
1522,1091523,0,0.28410864684588477
1523,1091524,0,0.23656123187905165
1524,1091525,1,0.9629448169161748
1525,1091526,1,0.8309658239002597
1526,1091527,0,0.27738922947009703
1527,1091528,0,0.2543083166722138
1528,1091529,1,0.5904453181136234
1529,1091530,1,0.5163251072176769
1530,1091531,0,0.4305907304608608
1531,1091532,0,0.47510825451753885
1532,1091533,0,0.23351959051491905
1533,1091534,1,0.6062973174811295
1534,1091535,0,0.4977658697957764
1535,1091536,1,0.6121125460910021
1536,1091537,0,0.31414534026184365
1537,1091538,0,0.3103882213570967
1538,1091539,1,0.5950916376469904
1539,1091540,1,0.7095834046881676
1540,1091541,1,0.5524635065881472
1541,1091542,1,0.5170857601500108
1542,1091543,0,0.4837963723027124
1543,1091544,0,0.29104072199755504
1544,1091545,0,0.31684239392826585
1545,1091546,1,0.55271423680085
1546,1091547,1,0.591103827692261
1547,1091548,0,0.3415169400669043
1548,1091549,0,0.3769365087384965
1549,1091550,0,0.45758147944595373
1550,1091551,0,0.2875782170291859
1551,1091552,1,0.5343316712978021
1552,1091553,0,0.24998565960391278
1553,1091554,1,0.6400430651990503
1554,1091555,1,0.7803085865465217
1555,1091556,0,0.314128693510136
1556,1091557,1,0.6191383177559615
1557,1091558,0,0.42105380939126047
1558,1091559,1,0.7182128545716764
1559,1091560,0,0.3848654476170248
1560,1091561,0,0.4865694529385777
1561,1091562,0,0.29456388390404925
1562,1091563,0,0.28789586921073035
1563,1091564,0,0.3817622074257952
1564,1091565,0,0.32928546621033805
1565,1091566,0,0.19719512155624083
1566,1091567,0,0.32398570801213994
1567,1091568,0,0.28793144553496947
1568,1091569,0,0.4056423968658928
1569,1091570,1,0.7733255147100883
1570,1091571,0,0.2413316819773883
1571,1091572,1,0.6916633485380435
1572,1091573,0,0.44738145582918415
1573,1091574,1,0.6236381713995227
1574,1091575,1,0.5877232591461579
1575,1091576,0,0.44204956719306504
1576,1091577,0,0.3926519814580897
1577,1091578,0,0.3403366893888183
1578,1091579,1,0.689173700525622
1579,1091580,0,0.25197978584059905
1580,1091581,1,0.5291324410233043
1581,1091582,1,0.564867637421355
1582,1091583,0,0.13871622434266428
1583,1091584,0,0.25937231350352163
1584,1091585,0,0.4690413511835672
1585,1091586,0,0.27824632192452015
1586,1091587,0,0.22515327111713782
1587,1091588,1,0.6236125697284226
1588,1091589,1,0.5773474883529289
1589,1091590,0,0.3256326014165771
1590,1091591,0,0.3964430667651746
1591,1091592,0,0.20658719620044322
1592,1091593,0,0.26300578064668595
1593,1091594,0,0.29395181112338764
1594,1091595,0,0.15065346187306597
1595,1091596,0,0.44644997750298065
1596,1091597,1,0.7240521365307159
1597,1091598,1,0.8033596597538548
1598,1091599,1,0.7125060995643414
1599,1091600,1,0.7245538742437136
1600,1091601,1,0.6056613105746572
1601,1091602,1,0.7730187944430374
1602,1091603,0,0.23670246472414194
1603,1091604,1,0.6740032861940792
1604,1091605,0,0.3110635741609786
1605,1091606,0,0.2349059781605941
1606,1091607,0,0.3413554473346052
1607,1091608,1,0.668155570334921
1608,1091609,1,0.7330408814883017
1609,1091610,1,0.6070239005906602
1610,1091611,0,0.192514838962853
1611,1091612,0,0.3851359924433061
1612,1091613,0,0.3042156705588335
1613,1091614,1,0.659592181994003
1614,1091615,1,0.5921113753180053
1615,1091616,0,0.11661596009549427
1616,1091617,0,0.26759978470609863
1617,1091618,1,0.8428791785770263
1618,1091619,0,0.3817945384713698
1619,1091620,0,0.20396762792319137
1620,1091621,0,0.32709385206799846
1621,1091622,0,0.29004966780386726
1622,1091623,1,0.6889730303514261
1623,1091624,0,0.40213856766237627
1624,1091625,1,0.8212221224235605
1625,1091626,0,0.48465907223595345
1626,1091627,0,0.2629595582605065
1627,1091628,0,0.3791116382835932
1628,1091629,0,0.4927681433993495
1629,1091630,0,0.4514479482401004
1630,1091631,0,0.15307096021258326
1631,1091632,1,0.6385870061662422
1632,1091633,1,0.74429914399489
1633,1091634,0,0.22230029932601306
1634,1091635,1,0.7021165195982176
1635,1091636,1,0.5664634477131612
1636,1091637,0,0.2866721109823086
1637,1091638,0,0.12404717567564155
1638,1091639,0,0.49420535987574304
1639,1091640,0,0.3303516372829776
1640,1091641,1,0.6674938472263464
1641,1091642,0,0.43207766396210917
1642,1091643,1,0.5659738203557787
1643,1091644,1,0.6086619032200651
1644,1091645,1,0.5845188240478857
1645,1091646,1,0.5357608530092096
1646,1091647,0,0.30362098541366656
1647,1091648,1,0.5121956099506572
1648,1091649,1,0.5296201943466393
1649,1091650,0,0.24465184337053675
1650,1091651,0,0.2638727284352373
1651,1091652,0,0.40387354067500275
1652,1091653,1,0.5808792878994838
1653,1091654,1,0.7347037041096113
1654,1091655,0,0.48920020769239175
1655,1091656,1,0.5374097179510299
1656,1091657,1,0.5618049481249309
1657,1091658,0,0.38075257047294775
1658,1091659,1,0.528495571275392
1659,1091660,0,0.442347650459231
1660,1091661,1,0.6542529873379818
1661,1091662,0,0.4172441972391731
1662,1091663,1,0.6183869825222296
1663,1091664,1,0.8029894300252298
1664,1091665,1,0.847979856800874
1665,1091666,0,0.3425714473501706
1666,1091667,0,0.19700335734962754
1667,1091668,0,0.2925203213158162
1668,1091669,0,0.48245957533791556
1669,1091670,0,0.3969461735824513
1670,1091671,0,0.33418428282419915
1671,1091672,0,0.3314288735711401
1672,1091673,1,0.6486018737054471
1673,1091674,0,0.25966048722761215
1674,1091675,1,0.5208818232290907
1675,1091676,1,0.6340599500040864
1676,1091677,0,0.23434610701081013
1677,1091678,1,0.731084963026026
1678,1091679,1,0.5300991997461755
1679,1091680,0,0.3342312080087446
1680,1091681,0,0.3381531615887122
1681,1091682,1,0.720609933669688
1682,1091683,1,0.7002342324221307
1683,1091684,1,0.6698833287299663
1684,1091685,1,0.6342027444555081
1685,1091686,0,0.3366035269369981
1686,1091687,0,0.16874473005753432
1687,1091688,0,0.4004272785549283
1688,1091689,0,0.48591979981479977
1689,1091690,1,0.6647658491860341
1690,1091691,1,0.6259302213750074
1691,1091692,1,0.629000090559484
1692,1091693,0,0.4964013809304744
1693,1091694,1,0.6324700204828515
1694,1091695,1,0.668442486476314
1695,1091696,0,0.42234443996009263
1696,1091697,1,0.6783425279873395
1697,1091698,0,0.39596012082363413
1698,1091699,0,0.3724867444356249
1699,1091700,0,0.4961268095129165
1700,1091701,0,0.18962209623255893
1701,1091702,0,0.14035099882068858
1702,1091703,0,0.3854917523389857
1703,1091704,0,0.24257691272600015
1704,1091705,0,0.23237744788123152
1705,1091706,1,0.6725938095080465
1706,1091707,0,0.4289974730000596
1707,1091708,1,0.7893661575010144
1708,1091709,1,0.6137404963809692
1709,1091710,0,0.3962765606143862
1710,1091711,0,0.2196925183896705
1711,1091712,1,0.6206381114898026
1712,1091713,1,0.6464852360995188
1713,1091714,1,0.7189597612782582
1714,1091715,1,0.6171210731430704
1715,1091716,0,0.46444061400581843
1716,1091717,0,0.36709203474306323
1717,1091718,0,0.45651299127151396
1718,1091719,0,0.3148678383204631
1719,1091720,0,0.23274055833060295
1720,1091721,0,0.2863029382728723
1721,1091722,1,0.5631693846444746
1722,1091723,0,0.4549197234703588
1723,1091724,0,0.4331386941763049
1724,1091725,1,0.788282552622773
1725,1091726,1,0.5981599036754447
1726,1091727,0,0.21996679039071626
1727,1091728,0,0.47840261015995295
1728,1091729,0,0.32913557299781315
1729,1091730,1,0.6041158360193477
1730,1091731,0,0.3211948554238967
1731,1091732,0,0.1564100345911893
1732,1091733,0,0.24370824522908968
1733,1091734,0,0.42645254058766224
1734,1091735,1,0.7552974193304993
1735,1091736,0,0.27479796901910297
1736,1091737,1,0.6230034191176567
1737,1091738,1,0.7819835661039052
1738,1091739,1,0.5621806786143112
1739,1091740,0,0.4732048671513926
1740,1091741,0,0.36502153512488394
1741,1091742,0,0.3198944707439601
1742,1091743,0,0.1389999517534748
1743,1091744,0,0.39847245539063175
1744,1091745,0,0.4869888568442173
1745,1091746,0,0.3908375087974564
1746,1091747,1,0.5822555974288309
1747,1091748,0,0.37973861141828463
1748,1091749,0,0.2516732400393835
1749,1091750,0,0.20930805074549647
1750,1091751,0,0.44517638855882946
1751,1091752,1,0.8768531794251293
1752,1091753,1,0.6371470037753284
1753,1091754,0,0.3026599560773823
1754,1091755,0,0.36625093447052015
1755,1091756,1,0.5562711048247266
1756,1091757,0,0.28070432340523815
1757,1091758,0,0.21411924931804324
1758,1091759,0,0.34881332936101556
1759,1091760,0,0.17346564769049544
1760,1091761,0,0.32018761460792994
1761,1091762,1,0.5850774861503157
1762,1091763,0,0.4577786041408604
1763,1091764,1,0.5731997580423281
1764,1091765,0,0.40190328595576297
1765,1091766,0,0.4205033997568294
1766,1091767,1,0.508128647618962
1767,1091768,0,0.47012320685711784
1768,1091769,0,0.33576785509068124
1769,1091770,0,0.27112172002438
1770,1091771,1,0.6711473854280537
1771,1091772,0,0.3489700710507074
1772,1091773,1,0.5006273609379431
1773,1091774,1,0.6669546786591722
1774,1091775,0,0.24325477905305054
1775,1091776,0,0.3628944398240509
1776,1091777,0,0.34916171934399404
1777,1091778,1,0.6019758532796791
1778,1091779,1,0.5491459364722394
1779,1091780,0,0.3507275190189325
1780,1091781,1,0.6040529801643204
1781,1091782,0,0.473667243627431
1782,1091783,1,0.6759367790342892
1783,1091784,0,0.26114885316626935
1784,1091785,0,0.3954013373750086
1785,1091786,0,0.30766354146164127
1786,1091787,1,0.5039900947000954
1787,1091788,0,0.1864469755654077
1788,1091789,0,0.48660740494694826
1789,1091790,0,0.45111159096667675
1790,1091791,0,0.1910287249765509
1791,1091792,1,0.6680321336198121
1792,1091793,0,0.18988515712307613
1793,1091794,0,0.3619878090039381
1794,1091795,0,0.30694937935319994
1795,1091796,1,0.5100047074578503
1796,1091797,1,0.5357903145989947
1797,1091798,0,0.3740690910877773
1798,1091799,1,0.6697887184561448
1799,1091800,0,0.20939007882660732
1800,1091801,1,0.5438482990618728
1801,1091802,1,0.5131437886229315
1802,1091803,0,0.24565724746373363
1803,1091804,0,0.3594068432356567
1804,1091805,0,0.286350644712528
1805,1091806,0,0.3040645917198377
1806,1091807,0,0.23852799863755852
1807,1091808,0,0.1999265931117788
1808,1091809,1,0.5521992714663673
1809,1091810,1,0.5472050094137547
1810,1091811,1,0.7471385419515815
1811,1091812,0,0.3026428330970722
1812,1091813,1,0.8955005480529333
1813,1091814,0,0.4447578087371701
1814,1091815,1,0.6011035917975183
1815,1091816,0,0.35760869105868986
1816,1091817,0,0.2249656615444505
1817,1091818,0,0.33445355102344315
1818,1091819,0,0.2667883845389207
1819,1091820,1,0.5112590073427071
1820,1091821,0,0.31951318784024874
1821,1091822,1,0.534915458475107
1822,1091823,0,0.19685761824793685
1823,1091824,0,0.4437735103802149
1824,1091825,1,0.558622001344261
1825,1091826,0,0.4820224417000335
1826,1091827,1,0.5046797201219579
1827,1091828,0,0.32878926006222225
1828,1091829,1,0.5161579139402107
1829,1091830,0,0.3584473318641471
1830,1091831,0,0.18486771333620164
1831,1091832,0,0.3980741811004644
1832,1091833,1,0.6957231142474142
1833,1091834,0,0.25077253895535495
1834,1091835,0,0.45349246319277675
1835,1091836,0,0.24582798478065682
1836,1091837,1,0.5746685952621478
1837,1091838,0,0.3352965491410742
1838,1091839,0,0.3872842495551959
1839,1091840,0,0.46028534755445644
1840,1091841,0,0.46373879292553327
1841,1091842,0,0.381084236673981
1842,1091843,0,0.27250025639428294
1843,1091844,0,0.36651671946793324
1844,1091845,1,0.6780065648918793
1845,1091846,0,0.475496923226606
1846,1091847,0,0.46467476090265364
1847,1091848,0,0.4678859259561509
1848,1091849,1,0.5319502282225206
1849,1091850,0,0.44307551795066963
1850,1091851,0,0.48635619095992977
1851,1091852,0,0.3105486798913624
1852,1091853,1,0.5683150843596131
1853,1091854,1,0.7211129222721363
1854,1091855,1,0.7032637644605556
1855,1091856,0,0.40613733307658706
1856,1091857,0,0.3447244962372834
1857,1091858,0,0.3683796219800644
1858,1091859,0,0.2673556271654782
1859,1091860,0,0.35371630391727743
1860,1091861,0,0.47463978120506795
1861,1091862,0,0.39965270667751623
1862,1091863,1,0.9804175273363125
1863,1091864,0,0.2891493051867428
1864,1091865,1,0.5655036833546044
1865,1091866,1,0.5944698209989012
1866,1091867,0,0.38636387337269396
1867,1091868,1,0.5111588028758014
1868,1091869,1,0.6000564781326552
1869,1091870,0,0.4487121742605953
1870,1091871,0,0.28376998961675887
1871,1091872,0,0.39409255671291804
1872,1091873,0,0.28330835533842563
1873,1091874,0,0.3840400084372659
1874,1091875,0,0.43200170416020234
1875,1091876,0,0.3553824863619531
1876,1091877,0,0.18954721283526135
1877,1091878,0,0.25362403283057794
1878,1091879,0,0.19213585043462875
1879,1091880,0,0.2572375253700261
1880,1091881,1,0.5846028182851956
1881,1091882,0,0.45714331391371893
1882,1091883,1,0.5669074930156479
1883,1091884,0,0.2832853869103973
1884,1091885,0,0.4387977172591045
1885,1091886,1,0.711362555254668
1886,1091887,0,0.40740416250513606
1887,1091888,0,0.3106512540487386
1888,1091889,0,0.3899334609464062
1889,1091890,0,0.46310163325223425
1890,1091891,0,0.3606832495596249
1891,1091892,1,0.5185207468246246
1892,1091893,0,0.2621487771028271
1893,1091894,1,0.5952578504865965
1894,1091895,1,0.7342619497963756
1895,1091896,0,0.3517916656234536
1896,1091897,0,0.2961859145140437
1897,1091898,0,0.29701069266557617
1898,1091899,0,0.2400904854327041
1899,1091900,0,0.27564127221485424
1900,1091901,0,0.3505723158959354
1901,1091902,1,0.5792099489310161
1902,1091903,0,0.2549506677314614
1903,1091904,0,0.22339468045351088
1904,1091905,0,0.41387276922341887
1905,1091906,0,0.2741603619194547
1906,1091907,1,0.6219196213964547
1907,1091908,0,0.34160784135235384
1908,1091909,0,0.37871156412054674
1909,1091910,0,0.3547290135842127
1910,1091911,0,0.35728037699236165
1911,1091912,1,0.8455516698233888
1912,1091913,0,0.3535666512981571
1913,1091914,0,0.39730288468211417
1914,1091915,1,0.6077075884786115
1915,1091916,0,0.4623666202382618
1916,1091917,0,0.3916240645792511
1917,1091918,0,0.21546888472403197
1918,1091919,0,0.23232701548231505
1919,1091920,1,0.7131342610697088
1920,1091921,0,0.4426259955031222
1921,1091922,1,0.6628660798636924
1922,1091923,1,0.6344198020791222
1923,1091924,0,0.3156245721920031
1924,1091925,1,0.5595073078281525
1925,1091926,0,0.3501366655916899
1926,1091927,1,0.6030215781486801
1927,1091928,0,0.48460283610320964
1928,1091929,0,0.1697694216370439
1929,1091930,1,0.5228881737149864
1930,1091931,0,0.44977727284145225
1931,1091932,0,0.324531463223733
1932,1091933,1,0.5677715785721533
1933,1091934,0,0.3807347646958917
1934,1091935,0,0.29880270771159856
1935,1091936,0,0.2662787550476187
1936,1091937,1,0.6595106131995111
1937,1091938,0,0.49186821458262425
1938,1091939,1,0.692932001938483
1939,1091940,0,0.2985252554388501
1940,1091941,0,0.21428782482509903
1941,1091942,0,0.2446765135054814
1942,1091943,0,0.2305185943382862
1943,1091944,1,0.5108608312785758
1944,1091945,1,0.7183813985245714
1945,1091946,1,0.537580519480042
1946,1091947,1,0.5533666678362671
1947,1091948,0,0.2819567372119879
1948,1091949,0,0.3975873804215779
1949,1091950,0,0.34821686092919596
1950,1091951,1,0.6492480603146742
1951,1091952,1,0.5427606961593939
1952,1091953,1,0.6884913544278723
1953,1091954,0,0.34722272115629327
1954,1091955,0,0.360298599654196
1955,1091956,1,0.5348588188376581
1956,1091957,0,0.32377506129562245
1957,1091958,0,0.48957502149515597
1958,1091959,0,0.40419811933384453
1959,1091960,0,0.3166887191605549
1960,1091961,0,0.4821510066268338
1961,1091962,0,0.40476008240202654
1962,1091963,1,0.6621141646867608
1963,1091964,0,0.3256239499266248
1964,1091965,0,0.3692317097761627
1965,1091966,0,0.17082720830368384
1966,1091967,0,0.3887326327656427
1967,1091968,0,0.3097359481162226
1968,1091969,0,0.18560121149885556
1969,1091970,0,0.40392873902372206
1970,1091971,0,0.37437343371627324
1971,1091972,0,0.4807841446166873
1972,1091973,0,0.42172048073088264
1973,1091974,0,0.44444868467503684
1974,1091975,0,0.32755931459104687
1975,1091976,1,0.6299000075171107
1976,1091977,0,0.305206929026186
1977,1091978,0,0.27908055170396345
1978,1091979,0,0.223908123624031
1979,1091980,1,0.5818529391731448
1980,1091981,0,0.34718352345686004
1981,1091982,1,0.5571629598730811
1982,1091983,1,0.6327325644948892
1983,1091984,0,0.3486183952332961
1984,1091985,1,0.6291321259420748
1985,1091986,0,0.17117340596077552
1986,1091987,0,0.3574766983958361
1987,1091988,0,0.24315143870384062
1988,1091989,0,0.1771960976412664
1989,1091990,0,0.42281463960299076
1990,1091991,0,0.2865530952950304
1991,1091992,1,0.6392033683337193
1992,1091993,0,0.3984794101853871
1993,1091994,0,0.2428956398463577
1994,1091995,0,0.2545257182271671
1995,1091996,0,0.3225368060967262
1996,1091997,0,0.49760571743451415
1997,1091998,0,0.33822361642378873
1998,1091999,0,0.2315816504549744
1999,1092000,1,0.584472838606809
2000,1092001,0,0.49989456011510386
2001,1092002,0,0.49048609608693694
2002,1092003,0,0.24513773901060465
2003,1092004,0,0.2230812229872612
2004,1092005,0,0.437779653850816
2005,1092006,1,0.6004632998859388
2006,1092007,1,0.6191843380817186
2007,1092008,0,0.3250227396745191
2008,1092009,0,0.4405140573413559
2009,1092010,0,0.2736609761243641
2010,1092011,0,0.3133435212308559
2011,1092012,0,0.17047438433924023
2012,1092013,1,0.9843994159748665
2013,1092014,1,0.6197046458228324
2014,1092015,0,0.3347405628933574
2015,1092016,0,0.38335321805172773
2016,1092017,0,0.1932226836572752
2017,1092018,0,0.17769311353299466
2018,1092019,1,0.7728022036970846
2019,1092020,0,0.33467511905937275
2020,1092021,0,0.3385984560110374
2021,1092022,0,0.36988671031696063
2022,1092023,0,0.33404266068243416
2023,1092024,0,0.30075808890155104
2024,1092025,1,0.6213675939614872
2025,1092026,0,0.4815032375374414
2026,1092027,0,0.3260562113517653
2027,1092028,0,0.24254785704102513
2028,1092029,1,0.7087306880654066
2029,1092030,0,0.13863221335548248
2030,1092031,0,0.33457852024807716
2031,1092032,0,0.38205104683317836
2032,1092033,0,0.2848776864392911
2033,1092034,0,0.1809623191117991
2034,1092035,0,0.4483183813490304
2035,1092036,1,0.5075158045799839
2036,1092037,1,0.666166626565821
2037,1092038,0,0.3029521363130328
2038,1092039,0,0.2947211827412639
2039,1092040,0,0.48565186129269605
2040,1092041,0,0.4901941842335738
2041,1092042,0,0.30909533202032047
2042,1092043,1,0.6045955416388703
2043,1092044,0,0.22459397074351203
2044,1092045,0,0.32963485238674367
2045,1092046,1,0.5178399306410266
2046,1092047,1,0.5038321326908534
2047,1092048,0,0.41970507352806696
2048,1092049,0,0.45971925688974496
2049,1092050,0,0.32580733624404135
2050,1092051,0,0.291419376680602
2051,1092052,0,0.3413354030311117
2052,1092053,0,0.2640060585257069
2053,1092054,0,0.429170389781175
2054,1092055,0,0.4150271119223852
2055,1092056,1,0.5463618752915549
2056,1092057,0,0.2705432341041772
2057,1092058,0,0.4433481752356127
2058,1092059,0,0.35385362895915135
2059,1092060,0,0.29531862198218095
2060,1092061,0,0.3372803363033612
2061,1092062,0,0.46626531666901744
2062,1092063,0,0.4760961771062076
2063,1092064,0,0.4007481283707868
2064,1092065,0,0.30573612281966794
2065,1092066,0,0.48650988038671483
2066,1092067,0,0.39458609498234476
2067,1092068,1,0.5015662747417855
2068,1092069,1,0.5724644483491355
2069,1092070,1,0.5070372973084805
2070,1092071,1,0.6491062764278793
2071,1092072,1,0.5065654617286697
2072,1092073,0,0.27619435996588115
2073,1092074,0,0.38010865429947926
2074,1092075,0,0.2905906303681739
2075,1092076,0,0.2566272639569558
2076,1092077,0,0.1647222367509321
2077,1092078,0,0.3631927127837715
2078,1092079,0,0.34007956191966787
2079,1092080,1,0.51912797497478
2080,1092081,0,0.2972259411088874
2081,1092082,1,0.5212441809484405
2082,1092083,0,0.33635491373672805
2083,1092084,0,0.25602894923637765
2084,1092085,1,0.5718215999375635
2085,1092086,0,0.33757591601026793
2086,1092087,0,0.3656638116912219
2087,1092088,0,0.300148015474702
2088,1092089,0,0.22502067296048178
2089,1092090,0,0.20975458684051856
2090,1092091,0,0.25730437611379126
2091,1092092,0,0.46278080277464945
2092,1092093,1,0.5517148461266967
2093,1092094,0,0.43067034744782906
2094,1092095,1,0.5349538451017637
2095,1092096,0,0.4868761679128198
2096,1092097,0,0.40215935769617894
2097,1092098,0,0.30102206916644864
2098,1092099,0,0.29536372931498794
2099,1092100,0,0.11568817959611796
2100,1092101,0,0.40190542654199773
2101,1092102,0,0.48600172779933426
2102,1092103,0,0.33501423681481174
2103,1092104,1,0.5052294901591108
2104,1092105,0,0.36276404143010615
2105,1092106,0,0.4391112324383356
2106,1092107,0,0.4218518321115211
2107,1092108,0,0.30950950372761377
2108,1092109,1,0.5785377821764249
2109,1092110,0,0.3023291979774602
2110,1092111,1,0.5165003646886412
2111,1092112,0,0.2854498951983243
2112,1092113,0,0.2864640036049027
2113,1092114,0,0.2833451186674689
2114,1092115,0,0.2703404957306736
2115,1092116,0,0.3617705040802905
2116,1092117,0,0.39555826154810464
2117,1092118,0,0.25827667195605986
2118,1092119,0,0.2768807664394687
2119,1092120,0,0.4071974085325058
2120,1092121,0,0.18439551946337218
2121,1092122,0,0.4783313982653101
2122,1092123,0,0.20642324179806767
2123,1092124,0,0.26560486929214766
2124,1092125,0,0.28209083412017977
2125,1092126,0,0.32933039746590265
2126,1092127,1,0.6320168968521749
2127,1092128,0,0.2999600313783636
2128,1092129,0,0.37254341239172667
2129,1092130,0,0.38252839872164873
2130,1092131,1,0.6074469715893304
2131,1092132,0,0.28047186434084753
2132,1092133,0,0.3269660989475467
2133,1092134,0,0.24435912758182599
2134,1092135,0,0.18295906418335775
2135,1092136,0,0.27217519537546386
2136,1092137,0,0.483282492137636
2137,1092138,0,0.19667158879396512
2138,1092139,0,0.25639206568303174
2139,1092140,0,0.3499046255172635
2140,1092141,0,0.2569552936836916
2141,1092142,0,0.30770716821708227
2142,1092143,0,0.49540442223955394
2143,1092144,1,0.5091266679969471
2144,1092145,0,0.32531498951420434
2145,1092146,0,0.1920752887143222
2146,1092147,0,0.29261728783287205
2147,1092148,0,0.19188698698367995
2148,1092149,0,0.48223569794783233
2149,1092150,0,0.24594207299807705
2150,1092151,0,0.4171588169738774
2151,1092152,0,0.416187572738479
2152,1092153,1,0.5617394786584956
2153,1092154,0,0.4249457707160346
2154,1092155,1,0.6882623240051526
2155,1092156,0,0.4867529217464018
2156,1092157,0,0.35484665468973225
2157,1092158,0,0.27855988132445214
2158,1092159,0,0.25672509916380415
2159,1092160,0,0.3859229598726626
2160,1092161,0,0.22725191266398803
2161,1092162,0,0.35543262787304
2162,1092163,1,0.5399553452355434
2163,1092164,0,0.414655199737816
2164,1092165,0,0.23751330322067937
2165,1092166,0,0.3176397335857192
2166,1092167,0,0.4706941060838889
2167,1092168,0,0.22892345333045416
2168,1092169,0,0.4195666243462623
2169,1092170,0,0.27200464612280717
2170,1092171,0,0.23111815995933963
2171,1092172,0,0.23741985571372
2172,1092173,0,0.47598113595682295
2173,1092174,0,0.28124364476314534
2174,1092175,0,0.4354799393236713
2175,1092176,0,0.1872374254252831
2176,1092177,0,0.3489968511540629
2177,1092178,0,0.3626752793385042
2178,1092179,0,0.3811899566255148
2179,1092180,0,0.4169817275412064
2180,1092181,0,0.41091508739255145
2181,1092182,0,0.27987334836164984
2182,1092183,0,0.21887032015370755
2183,1092184,0,0.3811571773207509
2184,1092185,0,0.3583009144669312
2185,1092186,1,0.7044203720557985
2186,1092187,0,0.28882386437170193
2187,1092188,0,0.4731451162650387
2188,1092189,0,0.4944085330731973
2189,1092190,0,0.3459245343266564
2190,1092191,0,0.38479332122487364
2191,1092192,0,0.3387406720012542
2192,1092193,0,0.44821360515872954
2193,1092194,1,0.5759135292865932
2194,1092195,0,0.4748014993447068
2195,1092196,0,0.4012010497462425
2196,1092197,0,0.16863790198124468
2197,1092198,0,0.2566393690047793
2198,1092199,1,0.6247016862129435
2199,1092200,0,0.21365799067880975
2200,1092201,0,0.35903264084021336
2201,1092202,0,0.24883543734640912
2202,1092203,0,0.447562459040303
2203,1092204,0,0.42241068544877974
2204,1092205,0,0.3084106346193315
2205,1092206,1,0.6615109620503322
2206,1092207,0,0.2523140412815215
2207,1092208,1,0.6031449370788171
2208,1092209,0,0.31137103397413074
2209,1092210,1,0.597578904781794
2210,1092211,0,0.4243836821628615
2211,1092212,0,0.16291143855746418
2212,1092213,1,0.5295836730921029
2213,1092214,0,0.38023424215364343
2214,1092215,0,0.3628756399758407
2215,1092216,0,0.2697638008509584
2216,1092217,0,0.4028785447151775
2217,1092218,0,0.3475845966171514
2218,1092219,1,0.5048093172720168
2219,1092220,0,0.39593543870193326
2220,1092221,0,0.3902193628556823
2221,1092222,0,0.3370134196124286
2222,1092223,0,0.36652645288873537
2223,1092224,1,0.5359226677711764
2224,1092225,1,0.6128525431927154
2225,1092226,0,0.22003534370780706
2226,1092227,1,0.5212960881365621
2227,1092228,0,0.1963733776909845
2228,1092229,0,0.22121150579520482
2229,1092230,0,0.39771403256399757
2230,1092231,0,0.2620256159187424
2231,1092232,0,0.18110082436458155
2232,1092233,0,0.3232229459665603
2233,1092234,1,0.5278878648514115
2234,1092235,0,0.3266826894135627
2235,1092236,0,0.21975041179743943
2236,1092237,0,0.19058153567366778
2237,1092238,0,0.31980181450796796
2238,1092239,0,0.3126204696142926
2239,1092240,0,0.2600071679878121
2240,1092241,0,0.3468301895374677
2241,1092242,0,0.4752631230487572
2242,1092243,0,0.38445696323913275
2243,1092244,0,0.2771468989234881
2244,1092245,0,0.2545883349759674
2245,1092246,0,0.23793457953761155
2246,1092247,0,0.11543751867043367
2247,1092248,0,0.23065182665370051
2248,1092249,0,0.2858002239878659
2249,1092250,0,0.40453658511955565
2250,1092251,0,0.40662231569095064
2251,1092252,0,0.2606616799727636
2252,1092253,0,0.2758076415891298
2253,1092254,0,0.46807431740902855
2254,1092255,0,0.2932894232697104
2255,1092256,0,0.4398795162251571
2256,1092257,0,0.30526423889581794
2257,1092258,0,0.1820607283307968
2258,1092259,1,0.6267424702016668
2259,1092260,0,0.2889096940929844
2260,1092261,0,0.18764527159942243
2261,1092262,0,0.3663715164764965
2262,1092263,0,0.3279085014195032
2263,1092264,0,0.33200799963147487
2264,1092265,0,0.4863775472831219
2265,1092266,0,0.33841635620900845
2266,1092267,0,0.4662228998758055
2267,1092268,0,0.2842073466030799
2268,1092269,0,0.37589786151544025
2269,1092270,0,0.2979886111165711
2270,1092271,0,0.3652413092092848
2271,1092272,0,0.3759811381218253
2272,1092273,0,0.2514548970525756
2273,1092274,0,0.23373378187897018
2274,1092275,0,0.41982383421209274
2275,1092276,1,0.5684619278155142
2276,1092277,1,0.5095449471673832
2277,1092278,0,0.406823530676384
2278,1092279,0,0.4585136824525145
2279,1092280,0,0.2912144589734532
2280,1092281,0,0.268042686205206
2281,1092282,1,0.5278541482287956
2282,1092283,0,0.277671798379261
2283,1092284,0,0.24426616268307053
2284,1092285,0,0.4484769512325944
2285,1092286,0,0.2740607405157117
2286,1092287,0,0.36757786688697924
2287,1092288,0,0.24762456944731642
2288,1092289,1,0.5456137470717163
2289,1092290,0,0.3348255395124623
2290,1092291,1,0.5517330789745334
2291,1092292,0,0.27003813953622996
2292,1092293,0,0.45526653200640166
2293,1092294,0,0.2565713050621162
2294,1092295,1,0.5793227927173251
2295,1092296,0,0.23373949215334566
2296,1092297,0,0.29979876764343394
2297,1092298,0,0.4684696669948953
2298,1092299,0,0.3904323469222808
2299,1092300,0,0.17573826100720585
2300,1092301,0,0.40850088949532815
2301,1092302,0,0.18787997911735413
2302,1092303,1,0.5423064909399901
2303,1092304,0,0.3489064326066205
2304,1092305,0,0.416446380025396
2305,1092306,0,0.26674427354113944
2306,1092307,1,0.8261585075407082
2307,1092308,0,0.3673130619022284
2308,1092309,0,0.3062330421728875
2309,1092310,1,0.5075310741357207
2310,1092311,0,0.30552259656869596
2311,1092312,0,0.3643853129947234
2312,1092313,1,0.5322243473978873
2313,1092314,0,0.32970153237798316
2314,1092315,1,0.5117147366354297
2315,1092316,0,0.16025283448311597
2316,1092317,0,0.3261922401450249
2317,1092318,1,0.5297417471684212
2318,1092319,0,0.38068158224374776
2319,1092320,0,0.40863979475011847
2320,1092321,0,0.42048263995082
2321,1092322,1,0.8884046321898192
2322,1092323,0,0.32929738132418446
2323,1092324,0,0.3011057556643623
2324,1092325,1,0.6194380877471055
2325,1092326,0,0.4777116439172044
2326,1092327,0,0.3064605311031963
2327,1092328,0,0.2038816243897219
2328,1092329,0,0.34313863829070806
2329,1092330,0,0.22591065429790175
2330,1092331,0,0.37165642524260223
2331,1092332,0,0.24497408516048913
2332,1092333,1,0.5483185557715385
2333,1092334,0,0.2839439005858931
2334,1092335,0,0.2632536613478149
2335,1092336,0,0.20569187200285777
2336,1092337,0,0.42219656574920283
2337,1092338,0,0.3058268179790409
2338,1092339,0,0.22511413513358264
2339,1092340,0,0.3477909655818645
2340,1092341,0,0.260405884191465
2341,1092342,0,0.35268355680954155
2342,1092343,1,0.594568818670727
2343,1092344,0,0.30755339706714274
2344,1092345,1,0.6229495356530313
2345,1092346,1,0.6442690879535502
2346,1092347,0,0.27940709358576726
2347,1092348,0,0.369747593592819
2348,1092349,0,0.1825076315530404
2349,1092350,0,0.34105268574791603
2350,1092351,0,0.37499069390279094
2351,1092352,0,0.30974277460703054
2352,1092353,0,0.2707704047279061
2353,1092354,0,0.2994882267718292
2354,1092355,0,0.44329464251652634
2355,1092356,0,0.43714443496441074
2356,1092357,0,0.22696413517762562
2357,1092358,0,0.3625974283278776
2358,1092359,0,0.28897613798706223
2359,1092360,0,0.19525196932823088
2360,1092361,0,0.44774983699590815
2361,1092362,0,0.3567806834650181
2362,1092363,0,0.23193777415035674
2363,1092364,0,0.40286009963870856
2364,1092365,0,0.22037625777686076
2365,1092366,0,0.22969362413196026
2366,1092367,0,0.29778044731204084
2367,1092368,0,0.2527129902735327
2368,1092369,1,0.5030515303209274
2369,1092370,0,0.35141175597541324
2370,1092371,0,0.31054226184247347
2371,1092372,0,0.46909265816864637
2372,1092373,0,0.2645870818806269
2373,1092374,0,0.34227552849216536
2374,1092375,0,0.2709764206778024
2375,1092376,0,0.23862421813462042
2376,1092377,0,0.36926248728151023
2377,1092378,0,0.3255832885454625
2378,1092379,0,0.2571074057806663
2379,1092380,0,0.21361383804414805
2380,1092381,0,0.26594832853436295
2381,1092382,0,0.3706020593045673
2382,1092383,0,0.2981098506342048
2383,1092384,0,0.37466851783357785
2384,1092385,0,0.3963417558721855
2385,1092386,0,0.24573602057252095
2386,1092387,0,0.3151740300927505
2387,1092388,1,0.5629951043847243
2388,1092389,0,0.37452178003509234
2389,1092390,0,0.43330527623653875
2390,1092391,0,0.22476172770104055
2391,1092392,0,0.2590713737332707
2392,1092393,0,0.2326771094672863
2393,1092394,0,0.326483272824724
2394,1092395,0,0.3155157551465292
2395,1092396,0,0.24963316548613387
2396,1092397,0,0.2648726400925925
2397,1092398,0,0.35240943229175165
2398,1092399,0,0.41389026515039784
2399,1092400,0,0.2852522390609844
2400,1092401,0,0.36108034512117976
2401,1092402,0,0.3143822451708033
2402,1092403,0,0.33697724976329485
2403,1092404,0,0.39724688056104207
2404,1092405,0,0.37945026174083274
2405,1092406,0,0.31669842513913987
2406,1092407,0,0.19298049630342023
2407,1092408,0,0.12019032140243427
2408,1092409,0,0.4011296842535153
2409,1092410,0,0.3975539125552023
2410,1092411,0,0.489426377967966
2411,1092412,0,0.2709780233293398
2412,1092413,1,0.6057540148760223
2413,1092414,0,0.359584110150526
2414,1092415,0,0.30559891403191697
2415,1092416,0,0.30318300001413456
2416,1092417,0,0.3095828316130224
2417,1092418,1,0.7089202751809429
2418,1092419,0,0.2352146880187439
2419,1092420,0,0.2663556868575597
2420,1092421,1,0.5895464015622081
2421,1092422,0,0.3314800993075604
2422,1092423,0,0.29507187136663904
2423,1092424,0,0.30771390967920004
2424,1092425,0,0.4669987126846216
2425,1092426,0,0.12974637002313358
2426,1092427,0,0.17659581893554804
2427,1092428,0,0.4063826503770491
2428,1092429,0,0.32576143213810294
2429,1092430,0,0.314941399003468
2430,1092431,0,0.23857104844668497
2431,1092432,0,0.29508598277932685
2432,1092433,0,0.31826463673804584
2433,1092434,0,0.3383183800146842
2434,1092435,0,0.3406628898745558
2435,1092436,1,0.5146653833075172
2436,1092437,1,0.5037208282555528
2437,1092438,0,0.33830060656840444
2438,1092439,1,0.524939163835033
2439,1092440,0,0.3214083376025318
2440,1092441,0,0.40888829632373996
2441,1092442,0,0.2938989412419364
2442,1092443,0,0.26109205216056086
2443,1092444,0,0.2301750775990811
2444,1092445,0,0.4681752796135421
2445,1092446,0,0.377525138627786
2446,1092447,0,0.21900523223813792
2447,1092448,0,0.19304405676777067
2448,1092449,0,0.3875938584424874
2449,1092450,0,0.3262541962779872
2450,1092451,0,0.3228388566663818
2451,1092452,0,0.3880476444415088
2452,1092453,0,0.3477606699743492
2453,1092454,0,0.33489794369918413
2454,1092455,0,0.39388666922867704
2455,1092456,0,0.4124465571575531
2456,1092457,0,0.25947002662614854
2457,1092458,0,0.265159078653294
2458,1092459,0,0.27591265292604444
2459,1092460,0,0.4248205389682168
2460,1092461,0,0.16914112478863694
2461,1092462,0,0.26346649133583483
2462,1092463,0,0.4794510005222228
2463,1092464,0,0.4573254694105835
2464,1092465,0,0.21591245783997315
2465,1092466,0,0.20258224516458073
2466,1092467,1,0.82639536945125
2467,1092468,1,0.5044700114547057
2468,1092469,0,0.2578113494127822
2469,1092470,0,0.3621158602296743
2470,1092471,0,0.3663973487756604
2471,1092472,0,0.33788910035394937
2472,1092473,0,0.4520182579422394
2473,1092474,0,0.2183151678445786
2474,1092475,0,0.29038068363344255
2475,1092476,0,0.21567769922495636
2476,1092477,0,0.3987573848236553
2477,1092478,0,0.4191478862384488
2478,1092479,0,0.16253892661903963
2479,1092480,0,0.10365845629892764
2480,1092481,0,0.2594283294380381
2481,1092482,0,0.3057162617754572
2482,1092483,0,0.3889497138551226
2483,1092484,0,0.3098611125575288
2484,1092485,0,0.37794838951951826
2485,1092486,0,0.39925083057679644
2486,1092487,0,0.4147099572807565
2487,1092488,0,0.15697124496245923
2488,1092489,0,0.4916127558870931
2489,1092490,0,0.1335283177917206
2490,1092491,0,0.3066197793466683
2491,1092492,0,0.35847189166263405
2492,1092493,0,0.13750354612954935
2493,1092494,0,0.2698541129107419
2494,1092495,0,0.3887266501475756
2495,1092496,0,0.38040141982866055
2496,1092497,0,0.34815570493169695
2497,1092498,0,0.3032196941301364
2498,1092499,0,0.3069346069391248
2499,1092500,0,0.2499030330044203
2500,1092501,0,0.32337364067240093
2501,1092502,0,0.23034988463069891
2502,1092503,0,0.37441082657127084
2503,1092504,0,0.3169112572245477
2504,1092505,1,0.6503321733537684
2505,1092506,1,0.8388838311799054
2506,1092507,0,0.2503143662758188
2507,1092508,0,0.3501493050812346
2508,1092509,0,0.2502198200854082
2509,1092510,0,0.44633956091135124
2510,1092511,0,0.30238567903184455
2511,1092512,1,0.5474532414331467
2512,1092513,0,0.391714393806184
2513,1092514,0,0.3410963368280563
2514,1092515,0,0.21953285135520287
2515,1092516,0,0.26489290866959214
2516,1092517,0,0.41969786864143044
2517,1092518,0,0.2929338638849874
2518,1092519,0,0.30763561085377067
2519,1092520,1,0.5273291136113313
2520,1092521,1,0.5335095034957759
2521,1092522,0,0.23353556849399998
2522,1092523,0,0.22014735783242984
2523,1092524,0,0.24289333801958732
2524,1092525,0,0.35030324687479747
2525,1092526,0,0.3360135290849445
2526,1092527,0,0.41142738578153853
2527,1092528,1,0.5746019446612042
2528,1092529,0,0.3924809908997353
2529,1092530,1,0.52464398754743
2530,1092531,0,0.44727530804882887
2531,1092532,0,0.20542328475157418
2532,1092533,0,0.2644443780515263
2533,1092534,0,0.24508572312460403
2534,1092535,0,0.26213431940181553
2535,1092536,0,0.1756268381510757
2536,1092537,0,0.445845265179262
2537,1092538,0,0.23545620788120442
2538,1092539,1,0.7169213133423803
2539,1092540,0,0.2750374392499156
2540,1092541,0,0.2574946736315157
2541,1092542,0,0.320885388703129
2542,1092543,0,0.3389900813705123
2543,1092544,0,0.3548246326223054
2544,1092545,0,0.43805596576233213
2545,1092546,0,0.2987656050615068
2546,1092547,0,0.47902734883006426
2547,1092548,0,0.357613408298344
2548,1092549,0,0.3795247278115646
2549,1092550,0,0.23451161383904068
2550,1092551,0,0.309749301949466
2551,1092552,0,0.24580837633263425
2552,1092553,1,0.5162497457213917
2553,1092554,0,0.26227079368747563
2554,1092555,0,0.4131755433620245
2555,1092556,0,0.19360650473876698
2556,1092557,0,0.32222658138556115
2557,1092558,0,0.3327264675733789
2558,1092559,0,0.23960866293638902
2559,1092560,0,0.4453127616533551
2560,1092561,0,0.2808798220196103
2561,1092562,0,0.20611914216085617
2562,1092563,0,0.4817039195907524
2563,1092564,0,0.19336354171897382
2564,1092565,0,0.2685549018505735
2565,1092566,0,0.233044014530511
2566,1092567,0,0.27989943146523877
2567,1092568,0,0.25370317155145694
2568,1092569,0,0.3049317319183972
2569,1092570,0,0.1327581086738843
2570,1092571,0,0.4233775973526241
2571,1092572,0,0.32064109728693524
2572,1092573,0,0.30531479704798986
2573,1092574,0,0.4609129459605485
2574,1092575,0,0.33260908505623266
2575,1092576,0,0.31113062058119934
2576,1092577,0,0.24957723082119193
2577,1092578,1,0.6289187138396065
2578,1092579,0,0.18492310495332637
2579,1092580,0,0.2470093924105291
2580,1092581,0,0.24203028645764849
2581,1092582,0,0.3428608494910534
2582,1092583,1,0.6252707781783899
2583,1092584,1,0.5989225945271753
2584,1092585,0,0.33304320223278744
2585,1092586,0,0.3910826110968897
2586,1092587,0,0.3488462212966471
2587,1092588,1,0.5727804417446529
2588,1092589,0,0.19942400797926346
2589,1092590,1,0.6068322812771548
2590,1092591,0,0.34802345264266943
2591,1092592,0,0.437740239064772
2592,1092593,1,0.5283225003350449
2593,1092594,0,0.3395444840178621
2594,1092595,0,0.20653435518973848
2595,1092596,0,0.32888896240971166
2596,1092597,0,0.46837281918469703
2597,1092598,0,0.26361020401074586
2598,1092599,0,0.24945116630123162
2599,1092600,0,0.24054758282194993
2600,1092601,1,0.8966489563417726
2601,1092602,0,0.4092863189870589
2602,1092603,0,0.143259845448676
2603,1092604,0,0.37685615068029443
2604,1092605,0,0.14679311799005818
2605,1092606,0,0.48473985204720704
2606,1092607,0,0.47916479716821964
2607,1092608,0,0.48973898611135863
2608,1092609,0,0.3215359503991563
2609,1092610,0,0.3621624769796773
2610,1092611,1,0.5078872861021321
2611,1092612,0,0.41333466292898463
2612,1092613,0,0.46365526681450797
2613,1092614,1,0.6078583864849939
2614,1092615,0,0.3453511725198109
2615,1092616,0,0.425132432835204
2616,1092617,0,0.2105854510339038
2617,1092618,0,0.23933973934642153
2618,1092619,0,0.258502288413126
2619,1092620,0,0.26573897639275584
2620,1092621,0,0.22601057787661913
2621,1092622,0,0.21395153127058006
2622,1092623,1,0.7760827238225622
2623,1092624,0,0.30031749144937
2624,1092625,0,0.3122965260329244
2625,1092626,0,0.4442417389947981
2626,1092627,1,0.5236640967912606
2627,1092628,1,0.5286561525917485
2628,1092629,0,0.31572544111216805
2629,1092630,0,0.4132113910008707
2630,1092631,0,0.1415666432820886
2631,1092632,0,0.3305435769824878
2632,1092633,0,0.38164673790141135
2633,1092634,0,0.1549976193026973
2634,1092635,0,0.3234713799851753
2635,1092636,0,0.15514239942035082
2636,1092637,1,0.5781719710945017
2637,1092638,0,0.4301290751614036
2638,1092639,0,0.21886487831180274
2639,1092640,0,0.45667528881981323
2640,1092641,0,0.2635300328449659
2641,1092642,0,0.28831189607256846
2642,1092643,0,0.1570810382695598
2643,1092644,0,0.3469107312142068
2644,1092645,0,0.33037679659122043
2645,1092646,0,0.397226635499383
2646,1092647,0,0.19857451186503755
2647,1092648,1,0.5407477869668581
2648,1092649,0,0.3894310106271029
2649,1092650,0,0.25135533705368496
2650,1092651,0,0.2695135741988628
2651,1092652,0,0.2953701696546388
2652,1092653,0,0.1991847123229489
2653,1092654,0,0.21823808935254688
2654,1092655,1,0.6431575448211536
2655,1092656,0,0.24329906595717501
2656,1092657,0,0.4468332792133591
2657,1092658,0,0.4709256663670303
2658,1092659,0,0.3533195643733191
2659,1092660,0,0.38921621043694077
2660,1092661,0,0.30846582034332126
2661,1092662,1,0.5282047722347164
2662,1092663,0,0.3492534341880941
2663,1092664,0,0.2054774127230679
2664,1092665,0,0.37241122750712
2665,1092666,0,0.38195033464288747
2666,1092667,0,0.24057519201131233
2667,1092668,0,0.3218775594337868
2668,1092669,0,0.3055860617370054
2669,1092670,0,0.3692487886972814
2670,1092671,1,0.6435270661545707
2671,1092672,0,0.4466172633899049
2672,1092673,0,0.44202510554445623
2673,1092674,0,0.15330347967655228
2674,1092675,0,0.4444145012765269
2675,1092676,0,0.38257758074338677
2676,1092677,0,0.3633559697780845
2677,1092678,0,0.29778380680715855
2678,1092679,0,0.2980976780677928
2679,1092680,0,0.43925874552458244
2680,1092681,0,0.3893715879017058
2681,1092682,0,0.22540547463467744
2682,1092683,0,0.3232678292982408
2683,1092684,0,0.3622118242527277
2684,1092685,0,0.45010326907588316
2685,1092686,1,0.549441159032334
2686,1092687,0,0.26770866399705506
2687,1092688,0,0.2398563798021619
2688,1092689,0,0.31518704143339865
2689,1092690,0,0.4001805379497275
2690,1092691,0,0.2516250353778501
2691,1092692,0,0.16595228988246877
2692,1092693,0,0.3053518840698117
2693,1092694,0,0.4159593321533653
2694,1092695,0,0.2254303234310771
2695,1092696,0,0.2615505647276746
2696,1092697,0,0.2947257014994329
2697,1092698,0,0.44495572130740707
2698,1092699,0,0.35583883319480186
2699,1092700,0,0.37605431372488174
2700,1092701,0,0.3964020892421233
2701,1092702,0,0.2323765356269279
2702,1092703,0,0.3043887728606896
2703,1092704,0,0.3293734955282236
2704,1092705,0,0.38967806316481474
2705,1092706,0,0.49212587900552873
2706,1092707,1,0.5178017661975908
2707,1092708,0,0.4800275188080249
2708,1092709,0,0.4524887635643304
2709,1092710,1,0.5247138192130446
2710,1092711,0,0.17587609353043868
2711,1092712,0,0.35423448495550114
2712,1092713,0,0.4428766386303001
2713,1092714,0,0.47056023580773665
2714,1092715,0,0.21093033281322712
2715,1092716,0,0.34121192661263594
2716,1092717,0,0.4084161075960409
2717,1092718,0,0.3346650577874429
2718,1092719,0,0.3319169285327442
2719,1092720,0,0.14257022945630657
2720,1092721,0,0.45404005296492295
2721,1092722,0,0.260744294278138
2722,1092723,0,0.35300462225422696
2723,1092724,0,0.22834386617437835
2724,1092725,0,0.322519844291839
2725,1092726,0,0.2646159048982261
2726,1092727,0,0.39809087931739456
2727,1092728,0,0.2479863269763597
2728,1092729,0,0.4697018412371991
2729,1092730,0,0.3882931967655236
2730,1092731,0,0.37435264158128473
2731,1092732,0,0.3767871750843358
2732,1092733,0,0.36480738902026827
2733,1092734,1,0.6111826448069426
2734,1092735,0,0.17088452921073355
2735,1092736,0,0.2938503389698462
2736,1092737,0,0.39749335604821123
2737,1092738,0,0.1913586852599258
2738,1092739,0,0.3587684640478188
2739,1092740,1,0.5670969400252823
2740,1092741,1,0.5148416766491268
2741,1092742,0,0.33095826629699243
2742,1092743,0,0.3577729944477112
2743,1092744,1,0.6066846806786956
2744,1092745,0,0.3372911035179936
2745,1092746,0,0.314527198486124
2746,1092747,0,0.40412285015504157
2747,1092748,0,0.3782449465810796
2748,1092749,0,0.23631283753440369
2749,1092750,0,0.36497212444441246
2750,1092751,0,0.24863822818185619
2751,1092752,0,0.27450180577522915
2752,1092753,0,0.4951164989529284
2753,1092754,0,0.28323211808121046
2754,1092755,0,0.4543313562695968
2755,1092756,0,0.4296158014883294
2756,1092757,0,0.34945969516330677
2757,1092758,0,0.3592993256620782
2758,1092759,0,0.14112340727935677
2759,1092760,0,0.29745097480710797
2760,1092761,0,0.41516810405279825
2761,1092762,0,0.36322174338996616
2762,1092763,0,0.37378295248524945
2763,1092764,1,0.6483234978492408
2764,1092765,0,0.22034879615077219
2765,1092766,0,0.3142664252119456
2766,1092767,0,0.4237701522285128
2767,1092768,0,0.3974346394485618
2768,1092769,0,0.31102796371792035
2769,1092770,0,0.3464856473612671
2770,1092771,0,0.30812815026246265
2771,1092772,0,0.11106658838120836
2772,1092773,0,0.3182850013524497
2773,1092774,0,0.2971039665802872
2774,1092775,0,0.3683677276574471
2775,1092776,0,0.3027210999688312
2776,1092777,0,0.3765882685228926
2777,1092778,0,0.15665021511513688
2778,1092779,0,0.4894963606709132
2779,1092780,0,0.3821190315792126
2780,1092781,0,0.2872451093434797
2781,1092782,1,0.5084123378798828
2782,1092783,0,0.29930383512626135
2783,1092784,0,0.2217995887128698
2784,1092785,0,0.4575859683500366
2785,1092786,0,0.3121222660378273
2786,1092787,1,0.6055206319668319
2787,1092788,0,0.2400551089045654
2788,1092789,0,0.22639357135448082
2789,1092790,0,0.40816466380797256
2790,1092791,0,0.4511550501574883
2791,1092792,0,0.4173103080149439
2792,1092793,0,0.4358621723365406
2793,1092794,0,0.4199649612739525
2794,1092795,0,0.32435293319707614
2795,1092796,0,0.36180459551603844
2796,1092797,1,0.743542662298822
2797,1092798,0,0.24016526162420898
2798,1092799,1,0.6785674897490386
2799,1092800,0,0.17308658979561597
2800,1092801,0,0.31966830058734763
2801,1092802,0,0.3945001016091593
2802,1092803,0,0.2690329435683549
2803,1092804,1,0.7934382783310067
2804,1092805,1,0.5582151187271143
2805,1092806,0,0.29379564529850716
2806,1092807,0,0.2427465227568741
2807,1092808,0,0.3502464716939751
2808,1092809,0,0.25219693613554456
2809,1092810,0,0.3448046050636432
2810,1092811,0,0.38454960288844514
2811,1092812,0,0.27146058356991315
2812,1092813,1,0.5679011672802609
2813,1092814,0,0.15571326491942056
2814,1092815,0,0.34991901001174813
2815,1092816,0,0.3113186955921983
2816,1092817,0,0.39168088346364605
2817,1092818,0,0.32944029084718307
2818,1092819,0,0.2266134877156449
2819,1092820,1,0.5904438211105275
2820,1092821,0,0.29007047188076734
2821,1092822,0,0.2405241358587336
2822,1092823,0,0.2719867169469333
2823,1092824,0,0.48622414476127357
2824,1092825,1,0.5316097042198005
2825,1092826,0,0.22870913858666284
2826,1092827,0,0.29880846987219317
2827,1092828,0,0.3039704823181473
2828,1092829,0,0.160818346135984
2829,1092830,0,0.191075113030294
2830,1092831,0,0.41473761134699555
2831,1092832,0,0.3659824315953239
2832,1092833,0,0.21047293767719918
2833,1092834,0,0.31928998020153754
2834,1092835,0,0.47028038509771086
2835,1092836,0,0.47579939511142355
2836,1092837,0,0.32669277240837347
2837,1092838,0,0.22349687053617268
2838,1092839,0,0.34180377731861555
2839,1092840,0,0.3056189869733745
2840,1092841,0,0.1293950924678189
2841,1092842,1,0.5351205712078508
2842,1092843,0,0.1853930395902802
2843,1092844,0,0.3803002632448384
2844,1092845,0,0.20321290771059874
2845,1092846,0,0.3704423894337008
2846,1092847,0,0.4231760469153196
2847,1092848,0,0.3831522616717345
2848,1092849,0,0.35170005161825996
2849,1092850,0,0.22687077613065368
2850,1092851,0,0.216178374407809
2851,1092852,0,0.362642947466974
2852,1092853,0,0.330578804803858
2853,1092854,0,0.40386087361011697
2854,1092855,0,0.48199682519767667
2855,1092856,0,0.47474497337513694
2856,1092857,0,0.4620205867197664
2857,1092858,1,0.6811369263678085
2858,1092859,0,0.47308594102733104
2859,1092860,0,0.43274017061486975
2860,1092861,0,0.22234016783951552
2861,1092862,1,0.5520408201340132
2862,1092863,1,0.5614108537177089
2863,1092864,0,0.38589106666462275
2864,1092865,0,0.40973414618088405
2865,1092866,0,0.3845340651798078
2866,1092867,0,0.2146196468201238
2867,1092868,0,0.43261845263681187
2868,1092869,0,0.28472033522382306
2869,1092870,0,0.3849777172657943
2870,1092871,0,0.21039869966994548
2871,1092872,1,0.5215437124474316
2872,1092873,0,0.41726227684180406
2873,1092874,1,0.5740659628498067
2874,1092875,0,0.32346315206645465
2875,1092876,1,0.5772913435702491
2876,1092877,0,0.24243783937975766
2877,1092878,1,0.6090610334569296
2878,1092879,0,0.3048143757276187
2879,1092880,0,0.1500457446826658
2880,1092881,0,0.37967026535163606
2881,1092882,0,0.31795448433554974
2882,1092883,0,0.47684818742712604
2883,1092884,0,0.44670052766561236
2884,1092885,0,0.449000650772732
2885,1092886,0,0.34157800789887677
2886,1092887,0,0.4431971048371769
2887,1092888,0,0.17794837402007516
2888,1092889,0,0.3938001862801705
2889,1092890,0,0.30869537016916115
2890,1092891,0,0.1966657456053729
2891,1092892,0,0.2257696836304043
2892,1092893,0,0.2115745916417846
2893,1092894,0,0.33298567156809417
2894,1092895,0,0.25065997214089175
2895,1092896,1,0.5481290829030167
2896,1092897,0,0.30598424069368285
2897,1092898,0,0.3773940960531378
2898,1092899,0,0.25474535172773755
2899,1092900,0,0.24572790932595395
2900,1092901,0,0.1778418283212731
2901,1092902,0,0.49795176069433794
2902,1092903,0,0.3882236836852854
2903,1092904,0,0.3384957619048332
2904,1092905,1,0.6111154476412735
2905,1092906,0,0.2826516936300157
2906,1092907,0,0.45149833333699646
2907,1092908,0,0.34603591079551005
2908,1092909,1,0.546570323325784
2909,1092910,0,0.3096379033518848
2910,1092911,0,0.34619370684449596
2911,1092912,0,0.37667567082260234
2912,1092913,0,0.47355082876953875
2913,1092914,0,0.27004735102637034
2914,1092915,0,0.2505607603498364
2915,1092916,0,0.3507686203193158
2916,1092917,0,0.2543040892344001
2917,1092918,0,0.39849248174561824
2918,1092919,0,0.3774728903387966
2919,1092920,0,0.3618570993033309
2920,1092921,1,0.6558894538020559
2921,1092922,1,0.51930818230765
2922,1092923,0,0.38254649230089516
2923,1092924,0,0.38525770126188813
2924,1092925,0,0.3838571093143976
2925,1092926,0,0.4770995947183022
2926,1092927,0,0.4175772826800385
2927,1092928,0,0.19948184425036472
2928,1092929,0,0.28266876561305787
2929,1092930,0,0.4611814400264205
2930,1092931,0,0.23950232208777122
2931,1092932,1,0.5319671630806843
2932,1092933,0,0.3777458940543533
2933,1092934,1,0.5495112511049695
2934,1092935,0,0.29531568506488315
2935,1092936,1,0.5048928883397953
2936,1092937,0,0.3133901242857611
2937,1092938,0,0.34849194820415075
2938,1092939,0,0.3539471420155253
2939,1092940,0,0.20648442832628314
2940,1092941,0,0.3951426381379929
2941,1092942,1,0.5937105037844443
2942,1092943,0,0.4016909223167237
2943,1092944,0,0.3729235771408928
2944,1092945,0,0.4660455555775409
2945,1092946,0,0.3071999687310092
2946,1092947,1,0.5099871063183666
2947,1092948,0,0.32859703929874895
2948,1092949,0,0.32701479819483603
2949,1092950,0,0.16761994593010054
2950,1092951,0,0.4881468374989692
2951,1092952,0,0.29785465732452504
2952,1092953,0,0.43394524645199367
2953,1092954,0,0.21774981964023798
2954,1092955,0,0.26834009646559814
2955,1092956,1,0.6265829741157348
2956,1092957,0,0.2535064921243853
2957,1092958,0,0.3702314007184039
2958,1092959,1,0.6429084067406854
2959,1092960,0,0.4408770787366129
2960,1092961,1,0.5175412472921933
2961,1092962,1,0.5127253874007648
2962,1092963,0,0.4016409258023831
2963,1092964,0,0.27365560931301763
2964,1092965,0,0.17094644006178386
2965,1092966,0,0.44509312435115295
2966,1092967,0,0.23471708291629723
2967,1092968,0,0.30853648139549533
2968,1092969,0,0.4098565053787902
2969,1092970,0,0.46514571582785635
2970,1092971,0,0.4713565322661607
2971,1092972,0,0.2916364159314441
2972,1092973,0,0.2642667284800433
2973,1092974,1,0.7083172198716611
2974,1092975,0,0.17061949985880065
2975,1092976,0,0.44980840330086447
2976,1092977,0,0.3157991758246648
2977,1092978,0,0.3689594600303113
2978,1092979,0,0.35648810825448657
2979,1092980,0,0.32412684782396156
2980,1092981,0,0.3417417510918637
2981,1092982,0,0.2884983455948189
2982,1092983,1,0.5318562390525859
2983,1092984,0,0.42565208092909734
2984,1092985,0,0.287014022060879
2985,1092986,0,0.15493425437730424
2986,1092987,1,0.5001436420187874
2987,1092988,0,0.3425007718474592
2988,1092989,0,0.3052662550760537
2989,1092990,0,0.27578048865015176
2990,1092991,0,0.1783223559517793
2991,1092992,1,0.7016108750640221
2992,1092993,1,0.6190023163803506
2993,1092994,1,0.6509785164405595
2994,1092995,0,0.30582821844918906
2995,1092996,1,0.5083372796164641
2996,1092997,0,0.3017090140220871
2997,1092998,0,0.3442431668195785
2998,1092999,0,0.17218573776629148
2999,1093000,0,0.2587511914745771
3000,1093001,0,0.2254556304416117
3001,1093002,1,0.5173601722118235
3002,1093003,0,0.25523411000387114
3003,1093004,0,0.29680274105082155
3004,1093005,0,0.25171122042431854
3005,1093006,0,0.42879772691774676
3006,1093007,0,0.44011563165674594
3007,1093008,0,0.3140958649738953
3008,1093009,0,0.43746423369013604
3009,1093010,0,0.3621207112655635
3010,1093011,0,0.4443038920022177
3011,1093012,0,0.36087291240969943
3012,1093013,0,0.4893691711514477
3013,1093014,0,0.24969667834398815
3014,1093015,0,0.3495232928775515
3015,1093016,1,0.719448069718089
3016,1093017,1,0.5418635824497773
3017,1093018,0,0.2276889560787061
3018,1093019,0,0.37284111737594466
3019,1093020,0,0.27386147581054554
3020,1093021,0,0.3161185518685883
3021,1093022,0,0.37847184746157636
3022,1093023,0,0.2736331275661061
3023,1093024,0,0.24799790822543175
3024,1093025,1,0.5431377431248733
3025,1093026,0,0.3725409077986665
3026,1093027,0,0.31893894445840687
3027,1093028,0,0.3468475762372582
3028,1093029,0,0.43021706746879296
3029,1093030,0,0.2560281864996954
3030,1093031,0,0.31488263451143067
3031,1093032,0,0.3214263009502214
3032,1093033,1,0.5097480745857684
3033,1093034,0,0.41394236976630727
3034,1093035,0,0.47707588842870097
3035,1093036,0,0.33620163722769897
3036,1093037,1,0.5987795088208075
3037,1093038,0,0.4950274155453919
3038,1093039,0,0.2658045308740389
3039,1093040,0,0.22499014924563984
3040,1093041,0,0.2254979209972838
3041,1093042,0,0.1470043873001522
3042,1093043,1,0.5666353076156302
3043,1093044,1,0.5379676380175092
3044,1093045,0,0.25825025337278146
3045,1093046,0,0.28143937952859743
3046,1093047,0,0.14634334152918654
3047,1093048,0,0.2552854973615943
3048,1093049,0,0.19488678410624868
3049,1093050,0,0.19846592399580576
3050,1093051,0,0.48069087289919066
3051,1093052,0,0.33539108502730053
3052,1093053,0,0.11709844625550518
3053,1093054,0,0.34994818410096773
3054,1093055,1,0.5427292476663972
3055,1093056,0,0.1478000858926915
3056,1093057,0,0.3245327868378297
3057,1093058,0,0.3838390591705772
3058,1093059,1,0.618923344386947
3059,1093060,0,0.17604698436124683
3060,1093061,0,0.31127485882680866
3061,1093062,0,0.2672103364435104
3062,1093063,0,0.3403966158720508
3063,1093064,0,0.2549190586784275
3064,1093065,0,0.4534659770917348
3065,1093066,0,0.28964834899638775
3066,1093067,0,0.2612161607737104
3067,1093068,1,0.6402500257064235
3068,1093069,1,0.5941881005831091
3069,1093070,1,0.7248970550943882
3070,1093071,0,0.39861646893350217
3071,1093072,0,0.19659512958117153
3072,1093073,1,0.5579831634644763
3073,1093074,0,0.17687172451796734
3074,1093075,0,0.26143955821003484
3075,1093076,0,0.33130941284501725
3076,1093077,1,0.805495974520804
3077,1093078,0,0.2976169435851449
3078,1093079,1,0.5009643661263055
3079,1093080,0,0.4326781297363441
3080,1093081,0,0.42652302824634614
3081,1093082,0,0.41517090376348614
3082,1093083,0,0.19816091096949284
3083,1093084,0,0.24155947159975225
3084,1093085,0,0.28532223345075586
3085,1093086,0,0.2524972203912384
3086,1093087,1,0.5647712583223158
3087,1093088,1,0.5329513842003997
3088,1093089,0,0.19815077102287462
3089,1093090,0,0.3473040811552772
3090,1093091,0,0.3523953068713163
3091,1093092,0,0.47245679230267196
3092,1093093,0,0.2628930788369114
3093,1093094,0,0.35307156911097715
3094,1093095,0,0.41893701274464357
3095,1093096,1,0.5429279533396363
3096,1093097,0,0.20079034501571044
3097,1093098,0,0.25709205910464195
3098,1093099,0,0.3727076292926497
3099,1093100,0,0.29924932309520846
3100,1093101,0,0.23789859041178235
3101,1093102,0,0.3759180847070944
3102,1093103,0,0.2550828130623569
3103,1093104,1,0.5935244678312639
3104,1093105,0,0.21396051628102927
3105,1093106,0,0.2532755608086564
3106,1093107,0,0.26709807962569176
3107,1093108,0,0.389818129062635
3108,1093109,1,0.6634123308217474
3109,1093110,0,0.46178557219195926
3110,1093111,1,0.5169880407446105
3111,1093112,0,0.2030265350101307
3112,1093113,0,0.30407943555025624
3113,1093114,0,0.3014886629613628
3114,1093115,1,0.5252496686289388
3115,1093116,0,0.3915496622782471
3116,1093117,0,0.25946355816349426
3117,1093118,1,0.5381183855382892
3118,1093119,0,0.29621287453795736
3119,1093120,0,0.1612262543274926
3120,1093121,0,0.16217235930461546
3121,1093122,0,0.4244795381050774
3122,1093123,1,0.5150988218609663
3123,1093124,1,0.77226922324054
3124,1093125,1,0.6213499906486214
3125,1093126,0,0.2839246696221332
3126,1093127,0,0.24405532790167397
3127,1093128,0,0.1819134656034331
3128,1093129,0,0.30430546349557047
3129,1093130,0,0.49027754255976363
3130,1093131,0,0.22291214572018547
3131,1093132,0,0.41409362620643514
3132,1093133,0,0.2398609123323868
3133,1093134,0,0.28415809991467994
3134,1093135,0,0.25225785291020136
3135,1093136,0,0.4503786499563421
3136,1093137,0,0.2736832715077894
3137,1093138,0,0.40592475263749594
3138,1093139,0,0.2720252151267473
3139,1093140,0,0.4310902007784576
3140,1093141,0,0.13915458370723732
3141,1093142,0,0.33680063660965476
3142,1093143,1,0.5161098607787993
3143,1093144,0,0.3100089902066693
3144,1093145,0,0.2968064848762012
3145,1093146,0,0.211779712245351
3146,1093147,0,0.37473917818205565
3147,1093148,1,0.5466778559147103
3148,1093149,0,0.26841838768193843
3149,1093150,1,0.5880397745016948
3150,1093151,0,0.33120981715189524
3151,1093152,0,0.4965873372040227
3152,1093153,0,0.2541039502525124
3153,1093154,0,0.46248897350264456
3154,1093155,0,0.2670021159152648
3155,1093156,0,0.20842674640607778
3156,1093157,0,0.31120920917961525
3157,1093158,0,0.27606968812226756
3158,1093159,0,0.46481072793122236
3159,1093160,0,0.3075579766374867
3160,1093161,0,0.21995619839239436
3161,1093162,0,0.3962283031281111
3162,1093163,1,0.502476510780663
3163,1093164,0,0.4046024332536938
3164,1093165,0,0.29789716081886397
3165,1093166,0,0.2824193665343867
3166,1093167,1,0.8450990872025413
3167,1093168,0,0.20491100621383185
3168,1093169,0,0.17091055059453805
3169,1093170,0,0.43577531228634436
3170,1093171,1,0.5931515141758965
3171,1093172,0,0.11845823826718578
3172,1093173,0,0.4998085319995957
3173,1093174,0,0.37260606559582005
3174,1093175,0,0.36253236752000545
3175,1093176,0,0.22495934892592637
3176,1093177,0,0.11567781681808482
3177,1093178,0,0.4831779862572254
3178,1093179,0,0.3277867075468026
3179,1093180,0,0.45213185686555774
3180,1093181,0,0.4258914592719182
3181,1093182,0,0.42132358206252996
3182,1093183,0,0.2275379601851145
3183,1093184,0,0.2131830497573515
3184,1093185,0,0.2324233091615421
3185,1093186,0,0.2567548074156266
3186,1093187,0,0.49861965342680287
3187,1093188,0,0.3281643323726572
3188,1093189,0,0.36055806129881557
3189,1093190,1,0.534036720984137
3190,1093191,0,0.27539223174371397
3191,1093192,0,0.43764805664687584
3192,1093193,0,0.3429009725548097
3193,1093194,0,0.3212323411007886
3194,1093195,0,0.2345525707029522
3195,1093196,1,0.5350473217497612
3196,1093197,1,0.5905921002294882
3197,1093198,1,0.7147279104935279
3198,1093199,0,0.12410169035747862
3199,1093200,0,0.32915025719860774
3200,1093201,1,0.6518169881871363
3201,1093202,0,0.22993511149291734
3202,1093203,1,0.600231772234245
3203,1093204,0,0.31517546243607436
3204,1093205,0,0.38649109232744683
3205,1093206,0,0.3819434850650725
3206,1093207,0,0.44874219596507325
3207,1093208,0,0.334903645073635
3208,1093209,0,0.37356839667439623
3209,1093210,0,0.2928364424203185
3210,1093211,0,0.4484648714688381
3211,1093212,0,0.3692575646989122
3212,1093213,1,0.5496821409250283
3213,1093214,0,0.49251255365864643
3214,1093215,0,0.31005979367953035
3215,1093216,0,0.3575550906638607
3216,1093217,1,0.6868144525030669
3217,1093218,0,0.36183209339282824
3218,1093219,1,0.5298625743983598
3219,1093220,0,0.347990261899088
3220,1093221,0,0.35183740334250296
3221,1093222,0,0.2764000920691709
3222,1093223,0,0.35839235270893954
3223,1093224,1,0.5906531354047405
3224,1093225,0,0.19189972418720308
3225,1093226,0,0.43678962742312544
3226,1093227,0,0.2907099414093142
3227,1093228,1,0.5194866575592707
3228,1093229,0,0.428375080714141
3229,1093230,0,0.43301940503470593
3230,1093231,0,0.2192807242925784
3231,1093232,0,0.2595753242394349
3232,1093233,0,0.3485265302055274
3233,1093234,0,0.27381043298239766
3234,1093235,0,0.3365698813907085
3235,1093236,0,0.23957568944555682
3236,1093237,0,0.33846304009541966
3237,1093238,1,0.581795491780002
3238,1093239,0,0.4509716639711029
3239,1093240,0,0.1704108824670563
3240,1093241,0,0.2056156446359176
3241,1093242,0,0.4077493380992514
3242,1093243,0,0.403016099246469
3243,1093244,1,0.5218438675652208
3244,1093245,0,0.24405089717785147
3245,1093246,0,0.44523549770313325
3246,1093247,0,0.26299738243716336
3247,1093248,1,0.5238909982711738
3248,1093249,1,0.5721741801289436
3249,1093250,1,0.6295997224688347
3250,1093251,1,0.6043037782168681
3251,1093252,0,0.29070207697106587
3252,1093253,1,0.5182728522795086
3253,1093254,0,0.3629808344707749
3254,1093255,0,0.21653604463581586
3255,1093256,0,0.3289520082449413
3256,1093257,0,0.18322767682342334
3257,1093258,0,0.22679078289414528
3258,1093259,0,0.36111807529115164
3259,1093260,0,0.2505192612118781
3260,1093261,0,0.36072438946978735
3261,1093262,0,0.3413728245062442
3262,1093263,0,0.21696190711488847
3263,1093264,0,0.34085444916649327
3264,1093265,0,0.4764591345272685
3265,1093266,0,0.3072574925268184
3266,1093267,0,0.25894409253550776
3267,1093268,0,0.49478931765567163
3268,1093269,0,0.38717347398242774
3269,1093270,0,0.2458906637022031
3270,1093271,0,0.45432045179491237
3271,1093272,1,0.5352526475906716
3272,1093273,0,0.3431573901796861
3273,1093274,1,0.5125438821455861
3274,1093275,0,0.33619762774702344
3275,1093276,0,0.2754832349118977
3276,1093277,0,0.252166022577789
3277,1093278,0,0.2888140351736942
3278,1093279,0,0.162677675728713
3279,1093280,0,0.18972954000053208
3280,1093281,0,0.28229240480552753
3281,1093282,1,0.7892010386332573
3282,1093283,0,0.18601599433310698
3283,1093284,0,0.46714485036331993
3284,1093285,0,0.268843306950067
3285,1093286,0,0.4375642816381794
3286,1093287,0,0.38322232984950855
3287,1093288,0,0.3758943135552143
3288,1093289,0,0.33673565646967224
3289,1093290,0,0.21323335457321058
3290,1093291,0,0.49365145307128155
3291,1093292,0,0.3302670313343364
3292,1093293,1,0.6954538755408344
3293,1093294,0,0.4522553274588509
3294,1093295,0,0.2834479060035555
3295,1093296,1,0.7513010248627698
3296,1093297,0,0.20070177041942452
3297,1093298,0,0.33440033555975124
3298,1093299,0,0.42511596169284993
3299,1093300,0,0.19169923094286587
3300,1093301,0,0.24897247400514236
3301,1093302,0,0.4197149093797948
3302,1093303,1,0.5120819144302262
3303,1093304,0,0.3944032930074326
3304,1093305,0,0.257211639856488
3305,1093306,0,0.25030658416219903
3306,1093307,0,0.40187192106315894
3307,1093308,1,0.6875341007641387
3308,1093309,1,0.5610608643452514
3309,1093310,0,0.3436582768596107
3310,1093311,0,0.13253744203415338
3311,1093312,0,0.2853258501743526
3312,1093313,0,0.2681512449560749
3313,1093314,0,0.48869205427143375
3314,1093315,0,0.256488848361231
3315,1093316,0,0.4970311139789744
3316,1093317,0,0.38473079645850333
3317,1093318,1,0.543860219903089
3318,1093319,0,0.4359676665362601
3319,1093320,0,0.32927911982571517
3320,1093321,0,0.44778079288769423
3321,1093322,0,0.22217058659376016
3322,1093323,0,0.19023764447133232
3323,1093324,0,0.3678550675450625
3324,1093325,0,0.2121992177709941
3325,1093326,0,0.4501081003169373
3326,1093327,0,0.4820814169169385
3327,1093328,1,0.5996396732218787
3328,1093329,0,0.39532480795828073
3329,1093330,0,0.16635254947415032
3330,1093331,0,0.469938363069714
3331,1093332,0,0.4502084038706122
3332,1093333,0,0.4688398199941849
3333,1093334,0,0.37956109547388245
3334,1093335,0,0.3392503602315715
3335,1093336,1,0.5976729232279976
3336,1093337,0,0.3746484854378247
3337,1093338,0,0.35310929455457923
3338,1093339,1,0.5863012738155032
3339,1093340,0,0.4745158971170086
3340,1093341,0,0.4119755761288408
3341,1093342,0,0.2554356551927611
3342,1093343,0,0.17451145954203562
3343,1093344,0,0.32826045270861876
3344,1093345,0,0.37172380734120164
3345,1093346,0,0.2496369179196697
3346,1093347,0,0.20047094005658292
3347,1093348,0,0.25279404595032656
3348,1093349,0,0.40091186349631946
3349,1093350,0,0.31574072783904744
3350,1093351,0,0.3129094170110586
3351,1093352,0,0.33510994660132093
3352,1093353,0,0.15404122908839138
3353,1093354,0,0.33898400774819387
3354,1093355,0,0.23638852495645193
3355,1093356,0,0.30868239183972795
3356,1093357,0,0.4643852640887865
3357,1093358,0,0.3332031650244293
3358,1093359,0,0.324729981536998
3359,1093360,0,0.29217166680264445
3360,1093361,0,0.2478425951343708
3361,1093362,0,0.21074126656718206
3362,1093363,0,0.21007292701405583
3363,1093364,0,0.4626118233425401
3364,1093365,0,0.2665669284024548
3365,1093366,0,0.40636726670804457
3366,1093367,0,0.16520775172149427
3367,1093368,0,0.2457365228483554
3368,1093369,1,0.7687528291142075
3369,1093370,0,0.42916992552412464
3370,1093371,0,0.2888816528039226
3371,1093372,0,0.20789100603649294
3372,1093373,0,0.37328109723326847
3373,1093374,0,0.22680786777347225
3374,1093375,1,0.7238094283409662
3375,1093376,0,0.4928099249991768
3376,1093377,0,0.4892944539295841
3377,1093378,0,0.45945088295319547
3378,1093379,0,0.3680179770138082
3379,1093380,0,0.4358142940145936
3380,1093381,0,0.27165223920950693
3381,1093382,0,0.23008068631917242
3382,1093383,0,0.18658148665481933
3383,1093384,0,0.2226654206928197
3384,1093385,0,0.41833574699060877
3385,1093386,0,0.3325299201889597
3386,1093387,0,0.29887744525145
3387,1093388,0,0.24257093192890594
3388,1093389,0,0.4451164886571279
3389,1093390,0,0.2909497472947359
3390,1093391,0,0.2490722392156757
3391,1093392,0,0.3606493546662718
3392,1093393,0,0.2067777222665599
3393,1093394,0,0.17216726315190542
3394,1093395,1,0.6592793135888398
3395,1093396,0,0.27654075611146384
3396,1093397,1,0.6888491412105152
3397,1093398,0,0.09974935522810585
3398,1093399,0,0.2621909466425871
3399,1093400,0,0.4291759409630963
3400,1093401,0,0.4606657780167413
3401,1093402,1,0.5882690063954905
3402,1093403,1,0.7122092856652733
3403,1093404,0,0.2854747115946323
3404,1093405,0,0.3156062013694244
3405,1093406,0,0.3172426490581201
3406,1093407,0,0.4840908926993346
3407,1093408,0,0.27686016980367834
3408,1093409,0,0.2457776198639921
3409,1093410,0,0.3648340132082472
3410,1093411,1,0.5394837493635602
3411,1093412,0,0.2631100729108189
3412,1093413,0,0.303899728189203
3413,1093414,0,0.20229369887818258
3414,1093415,0,0.14728094642546308
3415,1093416,0,0.4387831864602564
3416,1093417,0,0.43215498604357
3417,1093418,0,0.29129339526049824
3418,1093419,1,0.678544142478512
3419,1093420,0,0.261029149254422
3420,1093421,0,0.3894366475501599
3421,1093422,0,0.29273590007663297
3422,1093423,0,0.1481826546599789
3423,1093424,0,0.18056114648814187
3424,1093425,0,0.35102939184985754
3425,1093426,0,0.33095652717740776
3426,1093427,0,0.23063382188755038
3427,1093428,0,0.3288950923357459
3428,1093429,0,0.3120511265818518
3429,1093430,0,0.25569338320229623
3430,1093431,0,0.4920945256366674
3431,1093432,0,0.31396662712351586
3432,1093433,0,0.32058955167937486
3433,1093434,0,0.3015203896490948
3434,1093435,0,0.23819921087321988
3435,1093436,0,0.3383028775266663
3436,1093437,0,0.3224082164914326
3437,1093438,0,0.17539790144271164
3438,1093439,0,0.36420565156943047
3439,1093440,1,0.6293867898370944
3440,1093441,0,0.3373444172962975
3441,1093442,0,0.40600188512557056
3442,1093443,0,0.4814580622497059
3443,1093444,0,0.3383584998215583
3444,1093445,0,0.25306851742103187
3445,1093446,0,0.3525753523905677
3446,1093447,0,0.215597955399877
3447,1093448,0,0.3995762826049495
3448,1093449,0,0.3737577215848178
3449,1093450,0,0.3008929015411379
3450,1093451,0,0.3297304007565182
3451,1093452,0,0.22529980152859683
3452,1093453,1,0.6869065007324935
3453,1093454,0,0.32279493456691477
3454,1093455,0,0.45401204758038904
3455,1093456,0,0.2758764759779525
3456,1093457,0,0.16570404959521268
3457,1093458,1,0.756991609016
3458,1093459,0,0.22120984125260432
3459,1093460,0,0.1759134351735043
3460,1093461,0,0.2988723019955192
3461,1093462,0,0.31604459148445696
3462,1093463,0,0.4211165274152993
3463,1093464,0,0.44568622880600356
3464,1093465,0,0.1993876326873206
3465,1093466,0,0.40763748372590725
3466,1093467,0,0.26196675876232045
3467,1093468,1,0.6482697521723803
3468,1093469,0,0.34749694218210797
3469,1093470,0,0.4112679277053427
3470,1093471,0,0.24891995931218777
3471,1093472,0,0.322684626477702
3472,1093473,0,0.17813325992816084
3473,1093474,0,0.2589332556173297
3474,1093475,0,0.32225946292376195
3475,1093476,0,0.34989097629507765
3476,1093477,0,0.3556568313521222
3477,1093478,0,0.21869053310625233
3478,1093479,0,0.2840593793463261
3479,1093480,0,0.33098816721031576
3480,1093481,0,0.35206711988093903
3481,1093482,0,0.43686589609626336
3482,1093483,0,0.3695240105056633
3483,1093484,0,0.2065578612951433
3484,1093485,0,0.41600581069724885
3485,1093486,0,0.2266820099995043
3486,1093487,0,0.2516646008659953
3487,1093488,0,0.1724824497989079
3488,1093489,0,0.2271628197562103
3489,1093490,0,0.20986425737971826
3490,1093491,0,0.2527480501889487
3491,1093492,0,0.4619616937559969
3492,1093493,0,0.44459545526243227
3493,1093494,0,0.292557515256456
3494,1093495,0,0.3952287729968232
3495,1093496,0,0.2757587011035377
3496,1093497,0,0.43109484504246004
3497,1093498,0,0.30952346694822835
3498,1093499,0,0.335944216283102
3499,1093500,0,0.3475851678423752
3500,1093501,0,0.44086318082392606
3501,1093502,0,0.2851544144620124
3502,1093503,0,0.4065666285336816
3503,1093504,0,0.3501705714334573
3504,1093505,0,0.3457992901674587
3505,1093506,1,0.5084541253124791
3506,1093507,0,0.22552831389289762
3507,1093508,0,0.3056842034717651
3508,1093509,0,0.3048156729834564
3509,1093510,0,0.4209669719567324
3510,1093511,0,0.3729492071256241
3511,1093512,0,0.26008976107892706
3512,1093513,1,0.5137366279246182
3513,1093514,0,0.31625031970994827
3514,1093515,0,0.30996909141422496
3515,1093516,0,0.2843005288302313
3516,1093517,1,0.5333980213207801
3517,1093518,1,0.6032180097441318
3518,1093519,0,0.2967663086516747
3519,1093520,0,0.16754629088384926
3520,1093521,0,0.4640628301915529
3521,1093522,0,0.2650979590543518
3522,1093523,0,0.286922963508945
3523,1093524,0,0.20829586056404845
3524,1093525,0,0.2515268912120334
3525,1093526,0,0.3704882716179749
3526,1093527,1,0.6188459363590184
3527,1093528,0,0.2780945007292617
3528,1093529,0,0.4000529303178656
3529,1093530,0,0.25293078311102946
3530,1093531,0,0.18884738059427084
3531,1093532,1,0.6785612086644511
3532,1093533,0,0.3488852127942671
3533,1093534,0,0.4382990947165011
3534,1093535,0,0.1732715669768837
3535,1093536,0,0.39467627300622915
3536,1093537,0,0.4365313345421351
3537,1093538,0,0.25110106863054354
3538,1093539,0,0.36835057773362195
3539,1093540,0,0.3450121536370199
3540,1093541,0,0.1736467274082525
3541,1093542,0,0.20411157524978205
3542,1093543,0,0.3188730468601515
3543,1093544,0,0.3851870240507629
3544,1093545,0,0.24672822902591882
3545,1093546,0,0.25354914203234274
3546,1093547,0,0.2294586412139947
3547,1093548,0,0.20850133449672592
3548,1093549,0,0.3708721725482635
3549,1093550,0,0.30874060765777106
3550,1093551,0,0.31975856280382176
3551,1093552,0,0.2957979377731351
3552,1093553,0,0.4878291436716741
3553,1093554,0,0.45698117825869533
3554,1093555,1,0.5180757711096858
3555,1093556,0,0.3234385898039332
3556,1093557,0,0.2520117741441094
3557,1093558,0,0.2252701194030113
3558,1093559,0,0.3418177207292611
3559,1093560,0,0.40656868554882364
3560,1093561,1,0.524203212676276
3561,1093562,0,0.25621599959888597
3562,1093563,0,0.33915889848440395
3563,1093564,0,0.23932684280244532
3564,1093565,0,0.37062718032150493
3565,1093566,0,0.24689492477429165
3566,1093567,0,0.31615078930425483
3567,1093568,0,0.2583787957853703
3568,1093569,0,0.4041099627790425
3569,1093570,0,0.3232065089393501
3570,1093571,0,0.13193581598568366
3571,1093572,0,0.24919830382927585
3572,1093573,0,0.2753016632678703
3573,1093574,1,0.8429966860445497
3574,1093575,0,0.2791406806857651
3575,1093576,1,0.5849444523399039
3576,1093577,0,0.42246116527736993
3577,1093578,0,0.39118956836207863
3578,1093579,0,0.18933358959832594
3579,1093580,0,0.3478195912426144
3580,1093581,0,0.27067885949320714
3581,1093582,0,0.2547796211606995
3582,1093583,0,0.23668544776754313
3583,1093584,0,0.2677814621207275
3584,1093585,0,0.33046397558966994
3585,1093586,0,0.22706162946900776
3586,1093587,0,0.27953040258274087
3587,1093588,0,0.15628970666633302
3588,1093589,0,0.24267716661582855
3589,1093590,0,0.35691634107412357
3590,1093591,0,0.33823267344261676
3591,1093592,0,0.22173811829037351
3592,1093593,0,0.25594047940631043
3593,1093594,1,0.7054008020540923
3594,1093595,0,0.43781937815133615
3595,1093596,0,0.288914806558659
3596,1093597,0,0.3213852195476833
3597,1093598,0,0.2605880695478866
3598,1093599,0,0.20646987503529818
3599,1093600,0,0.2769593416274717
3600,1093601,0,0.210429244959986
3601,1093602,0,0.2519497649574933
3602,1093603,0,0.34290607722115257
3603,1093604,0,0.14055522084547606
3604,1093605,0,0.3926918869690584
3605,1093606,0,0.3288476110134211
3606,1093607,0,0.24464036917871693
3607,1093608,0,0.2909298233461946
3608,1093609,0,0.3085564606432051
3609,1093610,0,0.3263048789073613
3610,1093611,0,0.3726672854035435
3611,1093612,0,0.467748802310996
3612,1093613,0,0.2547729396542696
3613,1093614,0,0.2964667157710599
3614,1093615,0,0.21555174951423414
3615,1093616,0,0.3266900263317281
3616,1093617,0,0.36984600341516854
3617,1093618,0,0.3973112336581381
3618,1093619,0,0.40232746971684624
3619,1093620,0,0.2866517079458256
3620,1093621,0,0.3032824700989804
3621,1093622,0,0.1845824272267874
3622,1093623,0,0.4711683349844044
3623,1093624,0,0.28485656380557156
3624,1093625,0,0.4973505432290467
3625,1093626,0,0.3114118663346446
3626,1093627,0,0.19374815197618853
3627,1093628,0,0.4515059444681497
3628,1093629,0,0.18986112571914526
3629,1093630,0,0.25309154541071843
3630,1093631,0,0.348273419680354
3631,1093632,0,0.19171371244933758
3632,1093633,0,0.2908379000521182
3633,1093634,0,0.4400984610976007
3634,1093635,0,0.3722523704680501
3635,1093636,0,0.37031806733853456
3636,1093637,0,0.3185751762435619
3637,1093638,0,0.3054110936203003
3638,1093639,0,0.204475218399087
3639,1093640,0,0.3147856596731115
3640,1093641,0,0.37367249974532596
3641,1093642,0,0.3561670783883539
3642,1093643,0,0.3154049834080276
3643,1093644,0,0.29917049073627733
3644,1093645,0,0.15379543048532918
3645,1093646,0,0.3702683058576357
3646,1093647,0,0.350102816193486
3647,1093648,0,0.3281670230069162
3648,1093649,0,0.31595906368844184
3649,1093650,0,0.1688241462266921
3650,1093651,0,0.2689829907063206
3651,1093652,0,0.2943528713027659
3652,1093653,0,0.2734266738818387
3653,1093654,0,0.45313568303852203
3654,1093655,0,0.19990622553982887
3655,1093656,0,0.19227832263816805
3656,1093657,0,0.31082282639448594
3657,1093658,0,0.2522623975109235
3658,1093659,0,0.4411258269699719
3659,1093660,0,0.3126524856385725
3660,1093661,0,0.3324175650131997
3661,1093662,0,0.2614995392401916
3662,1093663,0,0.20354893256048026
3663,1093664,0,0.3132210742123628
3664,1093665,0,0.3201310549854154
3665,1093666,1,0.5257003954656883
3666,1093667,0,0.3196084030961553
3667,1093668,0,0.36805981532020204
3668,1093669,0,0.20043903410932293
3669,1093670,0,0.2163304172364807
3670,1093671,0,0.2902902490625225
3671,1093672,1,0.5024424519905425
3672,1093673,0,0.3369461265546955
3673,1093674,0,0.2531554296763216
3674,1093675,0,0.46687171694177165
3675,1093676,0,0.33520360457934717
3676,1093677,0,0.18027922827346837
3677,1093678,0,0.348434681063857
3678,1093679,0,0.42448383396920747
3679,1093680,0,0.2930756504250067
3680,1093681,0,0.37270067869450624
3681,1093682,0,0.3254337445950486
3682,1093683,0,0.4480494381511679
3683,1093684,0,0.2864893937358411
3684,1093685,0,0.36583698437986356
3685,1093686,0,0.272816366528835
3686,1093687,0,0.3793125088494078
3687,1093688,1,0.6103556677369746
3688,1093689,0,0.2907959929575957
3689,1093690,0,0.26464231952709855
3690,1093691,0,0.37311275471152433
3691,1093692,0,0.2765661092673938
3692,1093693,0,0.2520438328961269
3693,1093694,0,0.16605739905968883
3694,1093695,0,0.18753124967578286
3695,1093696,0,0.3488403457852115
3696,1093697,0,0.1890302751647391
3697,1093698,0,0.168647950077623
3698,1093699,0,0.24556252785891675
3699,1093700,1,0.7143075599272748
3700,1093701,0,0.23753947629712618
3701,1093702,0,0.4212179581166953
3702,1093703,0,0.3656817002800838
3703,1093704,0,0.1679714234596379
3704,1093705,0,0.3341172419195604
3705,1093706,0,0.4100831617676184
3706,1093707,1,0.5039148969888022
3707,1093708,0,0.35946860969779304
3708,1093709,0,0.26263988799721716
3709,1093710,1,0.9531405937056557
3710,1093711,0,0.2564918050995073
3711,1093712,0,0.27184811607516357
3712,1093713,0,0.4990717605906347
3713,1093714,0,0.41962675703267155
3714,1093715,0,0.16246778615063653
3715,1093716,0,0.21620676823935708
3716,1093717,0,0.2798371000710755
3717,1093718,0,0.23170005426301066
3718,1093719,0,0.3315864735254197
3719,1093720,0,0.2961688757320537
3720,1093721,0,0.33579361657959367
3721,1093722,0,0.41440633151401035
3722,1093723,0,0.3316399279635825
3723,1093724,0,0.21901955853180652
3724,1093725,0,0.403990936815518
3725,1093726,0,0.1969098325545071
3726,1093727,0,0.43647385244992676
3727,1093728,0,0.3274244830205768
3728,1093729,0,0.33657848952769515
3729,1093730,0,0.28609758200126867
3730,1093731,0,0.49423653266324735
3731,1093732,0,0.24853449422454035
3732,1093733,0,0.3016307041996194
3733,1093734,0,0.37414715281055605
3734,1093735,0,0.4334885648031921
3735,1093736,0,0.3264416185957969
3736,1093737,0,0.3151963318048692
3737,1093738,0,0.4735182190080476
3738,1093739,0,0.23511433747766874
3739,1093740,0,0.25919504961204326
3740,1093741,0,0.46846414434437034
3741,1093742,0,0.37859384204434227
3742,1093743,0,0.2652022524688302
3743,1093744,1,0.6542559258838554
3744,1093745,1,0.5605855391211589
3745,1093746,1,0.5153777961637953
3746,1093747,0,0.48694240471825045
3747,1093748,0,0.3406986215630049
3748,1093749,0,0.3771001152036715
3749,1093750,0,0.31996307487746994
3750,1093751,0,0.3284213220860267
3751,1093752,0,0.4014418098224177
3752,1093753,0,0.2679322081564013
3753,1093754,0,0.36995734803308233
3754,1093755,1,0.7224738869916064
3755,1093756,0,0.36510671872003614
3756,1093757,0,0.4219545497198692
3757,1093758,0,0.2998464071956325
3758,1093759,0,0.28171976555705747
3759,1093760,0,0.2621493370636202
3760,1093761,0,0.3334313990055397
3761,1093762,0,0.22705138188840845
3762,1093763,0,0.48604594074147134
3763,1093764,1,0.6176120027438159
3764,1093765,1,0.5827366170833889
3765,1093766,0,0.3528384059789454
3766,1093767,0,0.2032841307151005
3767,1093768,0,0.4195867654934713
3768,1093769,0,0.34798947124408247
3769,1093770,0,0.14517495935596172
3770,1093771,0,0.27216553612062144
3771,1093772,0,0.37427092047924315
3772,1093773,0,0.20899891478946717
3773,1093774,0,0.36300232483703093
3774,1093775,0,0.39469328301492057
3775,1093776,0,0.4170379743161378
3776,1093777,1,0.5251003488921312
3777,1093778,0,0.38547878828880416
3778,1093779,0,0.16769025087157896
3779,1093780,0,0.4425235685323274
3780,1093781,0,0.38921571959494483
3781,1093782,0,0.24702853505859662
3782,1093783,0,0.30926102191013144
3783,1093784,0,0.25678742093813633
3784,1093785,0,0.35433435575786776
3785,1093786,0,0.36057524078404457
3786,1093787,0,0.45496459734274497
3787,1093788,0,0.23844933803371643
3788,1093789,0,0.39982256078583267
3789,1093790,0,0.25270541323221174
3790,1093791,0,0.23803897399242455
3791,1093792,0,0.48113509704594953
3792,1093793,0,0.2794745124717894
3793,1093794,0,0.34654505718440615
3794,1093795,0,0.29539261451295235
3795,1093796,0,0.33767576014388695
3796,1093797,1,0.7947636203362192
3797,1093798,0,0.2366361458845867
3798,1093799,0,0.2591995885848724
3799,1093800,0,0.2013213901714557
3800,1093801,0,0.34574412324408377
3801,1093802,0,0.2740068090785506
3802,1093803,0,0.4469935571876119
3803,1093804,0,0.3842344818132034
3804,1093805,0,0.23623000263834812
3805,1093806,1,0.6466404213428268
3806,1093807,0,0.3474058848341798
3807,1093808,1,0.5188907312672651
3808,1093809,0,0.27362526124890224
3809,1093810,0,0.3017982655862043
3810,1093811,0,0.36137101344719574
3811,1093812,0,0.2438891746551399
3812,1093813,0,0.27582599976543587
3813,1093814,0,0.4372727026333503
3814,1093815,0,0.417014613048192
3815,1093816,0,0.3075476482986723
3816,1093817,0,0.28008951679636546
3817,1093818,0,0.38484854379224764
3818,1093819,0,0.4937440443383228
3819,1093820,1,0.5630657258730349
3820,1093821,0,0.40731077460381
3821,1093822,0,0.15987295878486757
3822,1093823,0,0.38368871173692487
3823,1093824,0,0.3440690690420795
3824,1093825,0,0.2857585153802281
3825,1093826,0,0.2845553203153423
3826,1093827,0,0.3878907463325703
3827,1093828,0,0.47693492950887234
3828,1093829,1,0.5560285801140583
3829,1093830,0,0.23810083933408283
3830,1093831,0,0.36260306147887555
3831,1093832,0,0.26246008973649715
3832,1093833,0,0.3344787776866892
3833,1093834,0,0.22377070670966223
3834,1093835,0,0.36926342080282737
3835,1093836,0,0.2863764822386705
3836,1093837,0,0.2807604744058217
3837,1093838,1,0.5072537036601956
3838,1093839,0,0.3000522610276539
3839,1093840,0,0.43421707384206076
3840,1093841,0,0.33131127142756184
3841,1093842,0,0.26805978209490006
3842,1093843,0,0.3587138760430624
3843,1093844,0,0.3993666080608805
3844,1093845,0,0.33251722880297313
3845,1093846,0,0.38377052835665065
3846,1093847,0,0.43256800616031416
3847,1093848,1,0.545484335523238
3848,1093849,0,0.3245479705648663
3849,1093850,0,0.25748168733729127
3850,1093851,0,0.2551152726890147
3851,1093852,1,0.7177952544914892
3852,1093853,0,0.18239957073266558
3853,1093854,0,0.3018515008992522
3854,1093855,0,0.4629913238504649
3855,1093856,1,0.5965988887290558
3856,1093857,0,0.3728532888978162
3857,1093858,0,0.18960940396285458
3858,1093859,0,0.47479916161114644
3859,1093860,0,0.18966950105517513
3860,1093861,0,0.41744846384231993
3861,1093862,0,0.24363511520112194
3862,1093863,1,0.5385956085997325
3863,1093864,0,0.3008099865138291
3864,1093865,0,0.47126966784163155
3865,1093866,0,0.37544207203667
3866,1093867,0,0.33226034205495253
3867,1093868,0,0.25085307462289075
3868,1093869,0,0.24833022058476467
3869,1093870,0,0.42203706049320683
3870,1093871,0,0.2831408653524052
3871,1093872,0,0.2862418639785282
3872,1093873,0,0.23545692527720263
3873,1093874,0,0.2677307611326619
3874,1093875,0,0.27828204949995433
3875,1093876,0,0.283660940878699
3876,1093877,0,0.3178132683664773
3877,1093878,0,0.2964961929933339
3878,1093879,0,0.20069605342986202
3879,1093880,0,0.3919349078176069
3880,1093881,0,0.4066719135196464
3881,1093882,1,0.7290214514319712
3882,1093883,0,0.1944468253704457
3883,1093884,0,0.26642704205218437
3884,1093885,0,0.3278080938863719
3885,1093886,0,0.18876964441186367
3886,1093887,0,0.4661783866352725
3887,1093888,0,0.42000712163211484
3888,1093889,0,0.24566369851076914
3889,1093890,0,0.306743003118048
3890,1093891,0,0.27697468795826685
3891,1093892,0,0.23428570926586048
3892,1093893,0,0.347516483044181
3893,1093894,0,0.20500919106862134
3894,1093895,0,0.28115646858226273
3895,1093896,1,0.5605169915843687
3896,1093897,0,0.448420426016091
3897,1093898,0,0.3299930504267624
3898,1093899,1,0.5595900250674113
3899,1093900,1,0.5714069887874035
3900,1093901,1,0.6140877466770145
3901,1093902,1,0.5038579803015582
3902,1093903,0,0.30745659076222764
3903,1093904,0,0.2540483855913025
3904,1093905,0,0.1745723686329078
3905,1093906,0,0.16244693260634582
3906,1093907,0,0.28492362182707054
3907,1093908,0,0.29488714392861237
3908,1093909,0,0.18078941936183976
3909,1093910,0,0.2566339551520912
3910,1093911,0,0.43835693554933836
3911,1093912,1,0.6877455691693738
3912,1093913,0,0.2915550972639504
3913,1093914,0,0.25290455850956695
3914,1093915,0,0.34358355065149204
3915,1093916,0,0.23921494823166273
3916,1093917,0,0.44673468332536814
3917,1093918,0,0.3217901603113915
3918,1093919,0,0.4389989888509503
3919,1093920,0,0.34358329264249976
3920,1093921,0,0.20973743407338305
3921,1093922,0,0.3279178624868391
3922,1093923,0,0.16775498742020445
3923,1093924,0,0.29180830582799755
3924,1093925,0,0.35613288753467176
3925,1093926,0,0.2594524173034257
3926,1093927,0,0.2310862276078536
3927,1093928,0,0.2389079951450655
3928,1093929,0,0.29670855113375605
3929,1093930,1,0.6613757784629897
3930,1093931,0,0.3207425100672954
3931,1093932,0,0.16814410457215115
3932,1093933,0,0.2057622394413041
3933,1093934,0,0.1648124892212966
3934,1093935,1,0.6182563822435262
3935,1093936,0,0.42369337446857563
3936,1093937,0,0.2251914344281622
3937,1093938,0,0.3703361444860165
3938,1093939,0,0.3103233879210857
3939,1093940,0,0.34325566522589446
3940,1093941,0,0.14997624163477905
3941,1093942,0,0.2391563131935382
3942,1093943,0,0.380361968728721
3943,1093944,0,0.4677441100313674
3944,1093945,0,0.3909340143265375
3945,1093946,0,0.2184832762949918
3946,1093947,0,0.376337215834235
3947,1093948,0,0.3174438544064679
3948,1093949,0,0.2794311937459222
3949,1093950,0,0.4172014686199575
3950,1093951,0,0.36043798653848164
3951,1093952,1,0.585908420007481
3952,1093953,0,0.237252454221528
3953,1093954,0,0.3352736248162539
3954,1093955,0,0.2338704341230987
3955,1093956,0,0.2952381696394691
3956,1093957,0,0.15597763177899748
3957,1093958,0,0.1520387972190714
3958,1093959,0,0.19606364711741148
3959,1093960,0,0.232409758802881
3960,1093961,0,0.42649502915314624
3961,1093962,0,0.4196976384650227
3962,1093963,0,0.32027001781819237
3963,1093964,0,0.3633613872538712
3964,1093965,0,0.27749522505037943
3965,1093966,0,0.23483263656970083
3966,1093967,0,0.2577404452980033
3967,1093968,0,0.3238503575137192
3968,1093969,0,0.4072782411959777
3969,1093970,0,0.3915749027384143
3970,1093971,0,0.16943037322705445
3971,1093972,0,0.30173466779568187
3972,1093973,0,0.30197529765286946
3973,1093974,0,0.3278519598176702
3974,1093975,0,0.19011287366043816
3975,1093976,0,0.23292458738382207
3976,1093977,0,0.12956753880366687
3977,1093978,0,0.22133853445878016
3978,1093979,0,0.23150998300412684
3979,1093980,0,0.20676817253869487
3980,1093981,1,0.5318012214999133
3981,1093982,0,0.19768238934090174
3982,1093983,0,0.1410086247088966
3983,1093984,0,0.30663919303702997
3984,1093985,0,0.2626998005128297
3985,1093986,0,0.1843821922447297
3986,1093987,0,0.2702375944422758
3987,1093988,0,0.4456636176222961
3988,1093989,0,0.31559253957334454
3989,1093990,0,0.4452601610899905
3990,1093991,0,0.257502149274556
3991,1093992,0,0.33919451654105454
3992,1093993,1,0.5746569764368088
3993,1093994,0,0.4156552239819375
3994,1093995,0,0.2173195913120339
3995,1093996,0,0.3695180754860437
3996,1093997,0,0.2367678498359714
3997,1093998,0,0.275523234435826
3998,1093999,1,0.5291246407007955
3999,1094000,0,0.18925895275666957
4000,1094001,0,0.14031036289545704
4001,1094002,0,0.33896419083140344
4002,1094003,0,0.25341017901173946
4003,1094004,0,0.2851954065638826
4004,1094005,0,0.3456696259045204
4005,1094006,0,0.19280118674251456
4006,1094007,0,0.34488418540228344
4007,1094008,0,0.3205388242767974
4008,1094009,0,0.46136662117637084
4009,1094010,0,0.2909541434133321
4010,1094011,0,0.17124905085534264
4011,1094012,0,0.24560734333460557
4012,1094013,0,0.3505596460225049
4013,1094014,0,0.314839480847648
4014,1094015,0,0.19234190979753651
4015,1094016,0,0.3379570665645333
4016,1094017,1,0.9701561990384105
4017,1094018,0,0.3053379344726606
4018,1094019,0,0.22003602040733924
4019,1094020,0,0.3049073588984025
4020,1094021,0,0.23877557575283118
4021,1094022,0,0.31593692739403934
4022,1094023,0,0.26742170069820387
4023,1094024,0,0.2673094000798158
4024,1094025,0,0.26598408567667225
4025,1094026,0,0.4264077044970286
4026,1094027,1,0.5596153575530127
4027,1094028,0,0.3039190836441991
4028,1094029,1,0.5027518697691892
4029,1094030,0,0.1902889665196877
4030,1094031,0,0.45917127923163115
4031,1094032,0,0.3069724615231245
4032,1094033,0,0.41080377571369847
4033,1094034,0,0.3729256941563906
4034,1094035,0,0.2491518818299281
4035,1094036,0,0.21014666863964307
4036,1094037,0,0.42655237739023444
4037,1094038,0,0.34246514932992556
4038,1094039,0,0.31312155978522077
4039,1094040,0,0.31849826835345396
4040,1094041,0,0.4288066863136218
4041,1094042,0,0.4329687333506325
4042,1094043,0,0.2458968693372752
4043,1094044,1,0.5779832828244945
4044,1094045,0,0.3862129015672314
4045,1094046,0,0.2843008002850627
4046,1094047,0,0.2053646475745139
4047,1094048,0,0.23571158417152097
4048,1094049,0,0.4650195919663016
4049,1094050,0,0.3516230839687501
4050,1094051,0,0.2906851948223103
4051,1094052,0,0.44544714590389983
4052,1094053,0,0.1849954424356767
4053,1094054,0,0.16106564952227673
4054,1094055,0,0.22801787755073902
4055,1094056,0,0.25379363114843484
4056,1094057,0,0.2929479124380566
4057,1094058,0,0.2780384838277537
4058,1094059,0,0.2379215727609652
4059,1094060,0,0.4003551296946176
4060,1094061,0,0.2603496617621193
4061,1094062,0,0.3714399638883136
4062,1094063,0,0.3884653918501844
4063,1094064,0,0.20053633432712079
4064,1094065,0,0.16360743460151903
4065,1094066,0,0.3902321946942906
4066,1094067,1,0.5568918242575582
4067,1094068,0,0.4618218731011287
4068,1094069,1,0.6346453021582896
4069,1094070,0,0.28987474225365645
4070,1094071,0,0.11409875947552653
4071,1094072,0,0.3752931788746177
4072,1094073,0,0.32865507554602097
4073,1094074,0,0.23668133873653455
4074,1094075,0,0.16528919264362002
4075,1094076,0,0.45753143221297493
4076,1094077,0,0.3486096535447028
4077,1094078,0,0.2780941858976427
4078,1094079,0,0.29518765837663646
4079,1094080,0,0.32966228254172925
4080,1094081,0,0.2971148219256705
4081,1094082,0,0.36638036242525146
4082,1094083,0,0.38245792420089775
4083,1094084,0,0.3324276848397516
4084,1094085,0,0.3416574817173234
4085,1094086,0,0.3637026268067754
4086,1094087,0,0.4619068293956759
4087,1094088,0,0.3050026691086867
4088,1094089,0,0.3236159625977674
4089,1094090,0,0.19619173133379675
4090,1094091,0,0.27453829908556493
4091,1094092,0,0.27046823733437464
4092,1094093,0,0.26038851900414356
4093,1094094,0,0.40099363521109105
4094,1094095,0,0.48963402683688395
4095,1094096,0,0.1951828628952878
4096,1094097,0,0.2537367644148947
4097,1094098,0,0.23052736283451836
4098,1094099,0,0.47612872734194045
4099,1094100,0,0.47689463831941115
4100,1094101,0,0.43375459400584593
4101,1094102,1,0.6687264034180842
4102,1094103,1,0.5014407557756025
4103,1094104,0,0.35784250961463776
4104,1094105,0,0.25502001896015397
4105,1094106,0,0.20711749015878286
4106,1094107,0,0.375768015622603
4107,1094108,0,0.16164633273461299
4108,1094109,0,0.3690752101980482
4109,1094110,0,0.14523262757498578
4110,1094111,0,0.20949371117995289
4111,1094112,0,0.29776266795485756
4112,1094113,0,0.23362556009581636
4113,1094114,0,0.45666553415788164
4114,1094115,0,0.3943479741336715
4115,1094116,0,0.2695365334214741
4116,1094117,0,0.3277021149919239
4117,1094118,0,0.21931346347643002
4118,1094119,0,0.18498281850829318
4119,1094120,0,0.4364119882787193
4120,1094121,1,0.5865406042838106
4121,1094122,0,0.24485879232224586
4122,1094123,0,0.43569171116470734
4123,1094124,0,0.27543422504904713
4124,1094125,0,0.2621794306123819
4125,1094126,0,0.26208646766380395
4126,1094127,0,0.4526361766164876
4127,1094128,0,0.27258397602613615
4128,1094129,0,0.2988330698438003
4129,1094130,0,0.4717606246179923
4130,1094131,0,0.16782285762071555
4131,1094132,0,0.47736924420201465
4132,1094133,0,0.15281621322034836
4133,1094134,0,0.2747851832466038
4134,1094135,0,0.2970574494684899
4135,1094136,0,0.4039942763238751
4136,1094137,0,0.26684345427452943
4137,1094138,0,0.2569874147176205
4138,1094139,1,0.5383579856789146
4139,1094140,0,0.30805684951311785
4140,1094141,0,0.4671316723006526
4141,1094142,0,0.17676022068360392
4142,1094143,0,0.2969466123094883
4143,1094144,0,0.41016657506823134
4144,1094145,0,0.19829930289775372
4145,1094146,0,0.42855303650006826
4146,1094147,0,0.2803511683007583
4147,1094148,0,0.23350865178249045
4148,1094149,0,0.3617168735230253
4149,1094150,0,0.2112709104575545
4150,1094151,0,0.17094881675940676
4151,1094152,0,0.33009330364198164
4152,1094153,0,0.22800387803288227
4153,1094154,0,0.21974291463976048
4154,1094155,0,0.22954992243061045
4155,1094156,1,0.508386307995795
4156,1094157,0,0.2697643752654935
4157,1094158,0,0.30253470073283983
4158,1094159,0,0.312942245702158
4159,1094160,1,0.5357848250369972
4160,1094161,0,0.2583570913616552
4161,1094162,0,0.3382128523674701
4162,1094163,0,0.369450913234349
4163,1094164,0,0.4032283934210456
4164,1094165,0,0.2401911688019367
4165,1094166,0,0.22435918399697471
4166,1094167,0,0.47308092890830966
4167,1094168,0,0.34276496727309874
4168,1094169,0,0.2500015319397106
4169,1094170,0,0.3050182675020767
4170,1094171,0,0.22591646600643947
4171,1094172,0,0.23686306288761447
4172,1094173,0,0.3101466101459201
4173,1094174,0,0.4895052086066496
4174,1094175,0,0.22992295623552392
4175,1094176,0,0.33957700969914284
4176,1094177,0,0.3597381586660817
4177,1094178,0,0.2336957896336476
4178,1094179,0,0.2239516910116974
4179,1094180,0,0.3083958854188228
4180,1094181,0,0.37680400074854004
4181,1094182,0,0.3045825152076781
4182,1094183,0,0.22763148727997076
4183,1094184,0,0.2985409225604197
4184,1094185,0,0.2201038903781896
4185,1094186,0,0.23411222709751983
4186,1094187,0,0.2531803637747432
4187,1094188,0,0.3760722001048953
4188,1094189,0,0.3331789211432823
4189,1094190,1,0.5459032453578918
4190,1094191,1,0.5028799339336859
4191,1094192,1,0.5051293546845181
4192,1094193,0,0.3557044743369809
4193,1094194,1,0.5270075678628539
4194,1094195,0,0.20357420722523356
4195,1094196,0,0.2271521892489789
4196,1094197,0,0.2819437076761369
4197,1094198,0,0.2647387199466624
4198,1094199,0,0.28457554441163563
4199,1094200,1,0.583204380239524
4200,1094201,0,0.21166276026012018
4201,1094202,0,0.4467721399716075
4202,1094203,0,0.47212347175265923
4203,1094204,0,0.31810289436730366
4204,1094205,1,0.834409167589418
4205,1094206,0,0.23685570620025265
4206,1094207,0,0.3094929951670926
4207,1094208,0,0.23876877191123277
4208,1094209,0,0.3770816087071341
4209,1094210,1,0.635443308956044
4210,1094211,0,0.34234284626964556
4211,1094212,0,0.2149589528724424
4212,1094213,1,0.5339350460176138
4213,1094214,1,0.5052624239490094
4214,1094215,0,0.21368974734236437
4215,1094216,1,0.6904943424136235
4216,1094217,0,0.17620289204496628
4217,1094218,0,0.188915545166322
4218,1094219,0,0.2978512423482617
4219,1094220,0,0.21740610927759763
4220,1094221,1,0.5825649611622116
4221,1094222,0,0.4428487246116903
4222,1094223,0,0.4360342642617251
4223,1094224,0,0.39584391448061773
4224,1094225,0,0.34875628450547463
4225,1094226,0,0.3340640741068372
4226,1094227,0,0.2938614255963317
4227,1094228,0,0.19939980129193174
4228,1094229,0,0.401308860150591
4229,1094230,0,0.3074726735890051
4230,1094231,0,0.16022963605179247
4231,1094232,0,0.4043865445352153
4232,1094233,0,0.15970137403939297
4233,1094234,0,0.2646554631137602
4234,1094235,0,0.33132038764384464
4235,1094236,1,0.5336653974916437
4236,1094237,0,0.293868798577409
4237,1094238,0,0.3439407962947087
4238,1094239,0,0.25163850373822844
4239,1094240,0,0.3768551900866995
4240,1094241,0,0.34313054441297564
4241,1094242,0,0.23765927927437924
4242,1094243,0,0.3994017050749981
4243,1094244,0,0.12625832255272737
4244,1094245,0,0.2557728594307504
4245,1094246,0,0.3035520539897525
4246,1094247,0,0.40033650195146475
4247,1094248,0,0.16683040017724612
4248,1094249,0,0.438825024403612
4249,1094250,1,0.809759556057467
4250,1094251,0,0.309409413158697
4251,1094252,0,0.26631306429046453
4252,1094253,1,0.5347605559578875
4253,1094254,0,0.20853809094469855
4254,1094255,0,0.34067664764561806
4255,1094256,0,0.29436844122724654
4256,1094257,0,0.44234165093896394
4257,1094258,0,0.28912203189330404
4258,1094259,0,0.26792619579419524
4259,1094260,0,0.13830875237568735
4260,1094261,0,0.40877080883074696
4261,1094262,0,0.25645207124453395
4262,1094263,0,0.22131763014062006
4263,1094264,0,0.4752895261068416
4264,1094265,0,0.47487022079985636
4265,1094266,0,0.37663294414844606
4266,1094267,0,0.44908120176720406
4267,1094268,0,0.2779280645635456
4268,1094269,0,0.35071830766326184
4269,1094270,0,0.3928471285400833
4270,1094271,0,0.34386631531529177
4271,1094272,0,0.46265866116348076
4272,1094273,0,0.4202583442322884
4273,1094274,0,0.33452352697090554
4274,1094275,0,0.25941593079503245
4275,1094276,0,0.37530369745170067
4276,1094277,0,0.3427565124832972
4277,1094278,0,0.28199134883785326
4278,1094279,0,0.22391501923960022
4279,1094280,0,0.3161488366323813
4280,1094281,0,0.3947578731871075
4281,1094282,0,0.18757126932926613
4282,1094283,0,0.19211415988082414
4283,1094284,0,0.2971225405953921
4284,1094285,0,0.43922807325456287
4285,1094286,0,0.2881772432811256
4286,1094287,0,0.375898594170894
4287,1094288,0,0.19115448175381547
4288,1094289,0,0.3164352132360484
4289,1094290,0,0.47807042725413273
4290,1094291,0,0.18379737273121302
4291,1094292,0,0.23852590538165924
4292,1094293,0,0.2299643820528463
4293,1094294,0,0.2897202774568709
4294,1094295,0,0.22703893776717082
4295,1094296,0,0.178099795976677
4296,1094297,0,0.42261674695784013
4297,1094298,0,0.4885139218137452
4298,1094299,0,0.23571320788403707
4299,1094300,0,0.44369483396171433
4300,1094301,0,0.3265190171437793
4301,1094302,0,0.3915252753490816
4302,1094303,0,0.1937024453573753
4303,1094304,0,0.2790990306194645
4304,1094305,1,0.5738080791028081
4305,1094306,0,0.2362607883920403
4306,1094307,0,0.296998907105215
4307,1094308,0,0.26371866225084356
4308,1094309,0,0.2702335182134801
4309,1094310,0,0.15058450457893335
4310,1094311,0,0.35415871914935426
4311,1094312,0,0.39539187738321097
4312,1094313,0,0.3152667745665948
4313,1094314,0,0.35134978146184975
4314,1094315,0,0.23558723328382478
4315,1094316,1,0.517176322285809
4316,1094317,1,0.5037384026802215
4317,1094318,0,0.43964505982092295
4318,1094319,0,0.32535799060884757
4319,1094320,0,0.3391589075163042
4320,1094321,0,0.16254688239563295
4321,1094322,0,0.3605615725069076
4322,1094323,0,0.1282043325902834
4323,1094324,0,0.23333447779629005
4324,1094325,0,0.161877684146121
4325,1094326,0,0.3087884724875208
4326,1094327,0,0.14916327920510972
4327,1094328,0,0.16585495584785703
4328,1094329,0,0.26514188747463374
4329,1094330,0,0.3671663614152883
4330,1094331,0,0.28508211870422917
4331,1094332,1,0.5644944439091929
4332,1094333,0,0.3733206130123171
4333,1094334,0,0.2646650591703709
4334,1094335,0,0.46960658829066126
4335,1094336,0,0.34671730783941435
4336,1094337,0,0.24630472183897506
4337,1094338,0,0.24306099291607022
4338,1094339,0,0.12726492490325156
4339,1094340,0,0.4439406810574328
4340,1094341,1,0.5479551732056168
4341,1094342,1,0.7140636473293861
4342,1094343,0,0.3838303303697872
4343,1094344,1,0.5587244787973954
4344,1094345,0,0.3988310121180915
4345,1094346,0,0.47736598520977985
4346,1094347,1,0.507138905335716
4347,1094348,0,0.46925870321554314
4348,1094349,1,0.5299233410759543
4349,1094350,0,0.19342540763770238
4350,1094351,0,0.16934287444263355
4351,1094352,0,0.34497452111268356
4352,1094353,0,0.46639602167199284
4353,1094354,1,0.8819480733905575
4354,1094355,0,0.19648897545730104
4355,1094356,0,0.15306064916248727
4356,1094357,0,0.28014724558437026
4357,1094358,0,0.2244458693597948
4358,1094359,0,0.28205615336596435
4359,1094360,0,0.4956777240128734
4360,1094361,0,0.31112830612820425
4361,1094362,0,0.21470397142849187
4362,1094363,0,0.4245910259816183
4363,1094364,0,0.41114615851832526
4364,1094365,0,0.25930973428274223
4365,1094366,0,0.4047591483752004
4366,1094367,0,0.38405201810193074
4367,1094368,0,0.3837049033508182
4368,1094369,0,0.1907674549321495
4369,1094370,0,0.4008481134081997
4370,1094371,0,0.2928606223850231
4371,1094372,0,0.2000017987279303
4372,1094373,0,0.2242452777959224
4373,1094374,0,0.3144958202523013
4374,1094375,0,0.36426504976709023
4375,1094376,0,0.2949088361427299
4376,1094377,0,0.35276571328184364
4377,1094378,0,0.20793282054172413
4378,1094379,0,0.32896742013412295
4379,1094380,0,0.254250888278703
4380,1094381,0,0.4255795748871262
4381,1094382,1,0.5153331669214681
4382,1094383,0,0.2618575331663949
4383,1094384,0,0.41507226297035926
4384,1094385,0,0.27413303689436064
4385,1094386,0,0.19253183781571892
4386,1094387,0,0.276655668647107
4387,1094388,1,0.5533851792851296
4388,1094389,0,0.42559979353416316
4389,1094390,0,0.3133029809739448
4390,1094391,0,0.28655810652073793
4391,1094392,0,0.4061283096563986
4392,1094393,0,0.2144231199538931
4393,1094394,0,0.3976319754318348
4394,1094395,0,0.1574666108461545
4395,1094396,0,0.3145536772480093
4396,1094397,0,0.16552824399352906
4397,1094398,1,0.5198076845220804
4398,1094399,0,0.4241002076021163
4399,1094400,0,0.17867402590130585
4400,1094401,0,0.45214550479079396
4401,1094402,0,0.2371800221399467
4402,1094403,0,0.32549089134569525
4403,1094404,0,0.23084748178661615
4404,1094405,0,0.3976824588446423
4405,1094406,0,0.18742100014508067
4406,1094407,0,0.4310022412392539
4407,1094408,0,0.35161874651231606
4408,1094409,0,0.20454015986485236
4409,1094410,0,0.1328117781677368
4410,1094411,0,0.40117198688190525
4411,1094412,0,0.18485302614552052
4412,1094413,0,0.12586448015486582
4413,1094414,0,0.13286217871998404
4414,1094415,0,0.45713632639727353
4415,1094416,0,0.3166425420276877
4416,1094417,0,0.17634597886149794
4417,1094418,0,0.22805070487748896
4418,1094419,0,0.2821369015922231
4419,1094420,0,0.21454832827510043
4420,1094421,0,0.3461000248602203
4421,1094422,0,0.20429699301323961
4422,1094423,0,0.23823854688517107
4423,1094424,0,0.42296866845406345
4424,1094425,0,0.42558433539593665
4425,1094426,1,0.568399805278838
4426,1094427,0,0.4785376619977664
4427,1094428,1,0.5942505746901035
4428,1094429,0,0.209361975827419
4429,1094430,0,0.2651162077771356
4430,1094431,0,0.24302577308102935
4431,1094432,0,0.2546686612586441
4432,1094433,1,0.5031210823332091
4433,1094434,0,0.2675637169388972
4434,1094435,0,0.19635651132055304
4435,1094436,0,0.26886121433994276
4436,1094437,1,0.6267430733369383
4437,1094438,1,0.5205745151575192
4438,1094439,0,0.33162534860822845
4439,1094440,0,0.38969400586940095
4440,1094441,0,0.26889154954802336
4441,1094442,0,0.23924404515454326
4442,1094443,1,0.5065693775942939
4443,1094444,1,0.6196699657603298
4444,1094445,0,0.446694847409257
4445,1094446,1,0.5491816612218902
4446,1094447,0,0.260334430946349
4447,1094448,0,0.41906304366524716
4448,1094449,1,0.7287784382987982
4449,1094450,0,0.19695632535860416
4450,1094451,0,0.2645747627098692
4451,1094452,0,0.18107023337577804
4452,1094453,1,0.5432385093343159
4453,1094454,1,0.537292899782115
4454,1094455,1,0.6479175970792512
4455,1094456,1,0.536078554325684
4456,1094457,0,0.34323136069413096
4457,1094458,0,0.4051582473048225
4458,1094459,0,0.4179061455255301
4459,1094460,0,0.30590008799976326
4460,1094461,1,0.5430441701339044
4461,1094462,1,0.6816511500473152
4462,1094463,0,0.4031791537658515
4463,1094464,0,0.15357131588561745
4464,1094465,0,0.23404188195733408
4465,1094466,0,0.22289317060392116
4466,1094467,0,0.22293249106186752
4467,1094468,0,0.34510554239181845
4468,1094469,0,0.30264087673980905
4469,1094470,0,0.17367177708390005
4470,1094471,1,0.8024600060199709
4471,1094472,0,0.2202378288746056
4472,1094473,0,0.29364477394011856
4473,1094474,0,0.30474751609125544
4474,1094475,0,0.29141012092884255
4475,1094476,0,0.22440384721342366
4476,1094477,1,0.540903952277717
4477,1094478,1,0.584963513957181
4478,1094479,0,0.3593888354293173
4479,1094480,0,0.13598369821278217
4480,1094481,1,0.5133037174017381
4481,1094482,0,0.49254380044383406
4482,1094483,0,0.24576888679571546
4483,1094484,0,0.2865111400857847
4484,1094485,0,0.2030437987536144
4485,1094486,0,0.3427642113649918
4486,1094487,0,0.3748103724386647
4487,1094488,0,0.20621438695915464
4488,1094489,0,0.4585660156656453
4489,1094490,0,0.2914790339487283
4490,1094491,0,0.2406109676964451
4491,1094492,0,0.18386351034285472
4492,1094493,0,0.27457125562800017
4493,1094494,0,0.37561916743933166
4494,1094495,0,0.2607767354144577
4495,1094496,0,0.23777728587369554
4496,1094497,0,0.45791795177604994
4497,1094498,0,0.17885682493994043
4498,1094499,0,0.23822313461673814
4499,1094500,0,0.23543888245327935
4500,1094501,0,0.4351708928273807
4501,1094502,1,0.956941817131746
4502,1094503,0,0.374099376250625
4503,1094504,0,0.3295635263496373
4504,1094505,0,0.20527739095436198
4505,1094506,0,0.23848831219338415
4506,1094507,1,0.5069638311305495
4507,1094508,0,0.30507667033608044
4508,1094509,1,0.5996586962916738
4509,1094510,0,0.3808751228348218
4510,1094511,1,0.5413882582446732
4511,1094512,0,0.23692030923463833
4512,1094513,0,0.2071107385492132
4513,1094514,0,0.19606419774662018
4514,1094515,0,0.46388966775984647
4515,1094516,0,0.3465684278615838
4516,1094517,0,0.20769232692196377
4517,1094518,0,0.24681288584586425
4518,1094519,0,0.33897576386266864
4519,1094520,0,0.25688182907825124
4520,1094521,0,0.44362028423861793
4521,1094522,0,0.2457169067199175
4522,1094523,0,0.43281410610273613
4523,1094524,0,0.1557341544176859
4524,1094525,0,0.2684711604409878
4525,1094526,0,0.26599316043264715
4526,1094527,0,0.3819611883478394
4527,1094528,0,0.2921948971765294
4528,1094529,0,0.20782465373981737
4529,1094530,0,0.2680299991934898
4530,1094531,0,0.19777006478356998
4531,1094532,0,0.2628332251277376
4532,1094533,0,0.32013310618856916
4533,1094534,0,0.2886982530585863
4534,1094535,0,0.27987919381745
4535,1094536,0,0.22311267233337442
4536,1094537,0,0.21192116261008445
4537,1094538,0,0.38523899012236645
4538,1094539,0,0.17950361527452066
4539,1094540,0,0.3801198486817506
4540,1094541,0,0.22041429176735977
4541,1094542,0,0.49366037234164806
4542,1094543,0,0.27479633896794425
4543,1094544,0,0.46911941573150207
4544,1094545,0,0.18779556378353762
4545,1094546,0,0.3744330962419614
4546,1094547,0,0.24235877824968374
4547,1094548,1,0.6445367516242122
4548,1094549,0,0.2683094840752714
4549,1094550,0,0.3812455341276298
4550,1094551,0,0.4258554762351736
4551,1094552,0,0.34380316719497517
4552,1094553,0,0.44327731727817826
4553,1094554,0,0.2537661922024292
4554,1094555,0,0.3099727254274129
4555,1094556,0,0.4982462556438048
4556,1094557,1,0.6207852044348414
4557,1094558,0,0.2627155183186653
4558,1094559,0,0.2296549958746451
4559,1094560,0,0.19090299869844593
4560,1094561,0,0.4507372880502343
4561,1094562,0,0.1887661205979881
4562,1094563,0,0.4298292213358348
4563,1094564,1,0.6507952473373607
4564,1094565,0,0.4659010492668892
4565,1094566,0,0.33271009056633255
4566,1094567,0,0.3406662120397257
4567,1094568,0,0.24588459515123573
4568,1094569,1,0.6318889328628359
4569,1094570,0,0.3530681064574696
4570,1094571,0,0.3638213763975564
4571,1094572,1,0.6098725074853752
4572,1094573,0,0.2038563127371589
4573,1094574,0,0.13386056609148902
4574,1094575,1,0.6583674602917474
4575,1094576,0,0.24831493908566307
4576,1094577,0,0.2946834724371909
4577,1094578,0,0.26032757591322664
4578,1094579,0,0.2428246131341195
4579,1094580,0,0.24355643162167526
4580,1094581,0,0.42498359601171465
4581,1094582,0,0.4429558746193616
4582,1094583,0,0.2433138033061848
4583,1094584,0,0.23855190629135492
4584,1094585,0,0.24393280283325702
4585,1094586,1,0.6431946820609494
4586,1094587,0,0.26787075613620437
4587,1094588,0,0.44863164371021663
4588,1094589,0,0.3356919000647434
4589,1094590,0,0.39029190796937857
4590,1094591,1,0.6985250901283393
4591,1094592,0,0.20572511615848588
4592,1094593,0,0.4657959880566512
4593,1094594,0,0.12944539473586242
4594,1094595,0,0.24691375144893474
4595,1094596,0,0.17853580705836034
4596,1094597,0,0.32134524194690234
4597,1094598,0,0.18559442137563015
4598,1094599,0,0.2260867085517752
4599,1094600,0,0.4076357355214452
4600,1094601,0,0.24085361108528172
4601,1094602,1,0.9600618290821172
4602,1094603,0,0.21912217028662206
4603,1094604,0,0.488376671194857
4604,1094605,0,0.365252770888928
4605,1094606,0,0.34410026418737893
4606,1094607,1,0.5417917287504577
4607,1094608,0,0.2585808962810331
4608,1094609,0,0.3411751520142275
4609,1094610,0,0.3091747182439601
4610,1094611,0,0.3847979198446089
4611,1094612,0,0.2659633323136161
4612,1094613,0,0.3116864998386486
4613,1094614,0,0.26595345401901543
4614,1094615,0,0.2157780133729702
4615,1094616,0,0.15597097297816648
4616,1094617,1,0.5422232717371156
4617,1094618,1,0.7036874626888603
4618,1094619,0,0.3221016938647261
4619,1094620,0,0.39266687196725486
4620,1094621,0,0.25770699455334384
4621,1094622,0,0.2931602885785372
4622,1094623,0,0.25387290727316425
4623,1094624,0,0.23090596847705186
4624,1094625,0,0.20345646666408695
4625,1094626,0,0.17339260241009904
4626,1094627,0,0.104885966482904
4627,1094628,0,0.18356895222028483
4628,1094629,0,0.24090495254303854
4629,1094630,0,0.2762914570294449
4630,1094631,0,0.23755085306357884
4631,1094632,0,0.21542927294712286
4632,1094633,0,0.2815495269475807
4633,1094634,0,0.41763131475656495
4634,1094635,0,0.40401998526796884
4635,1094636,0,0.2700254021360947
4636,1094637,0,0.21010552371697538
4637,1094638,0,0.4390285185331229
4638,1094639,0,0.3207534624537781
4639,1094640,0,0.4447833570503767
4640,1094641,1,0.5019121209501339
4641,1094642,0,0.305934622479424
4642,1094643,0,0.41123343129196166
4643,1094644,0,0.2230283729859789
4644,1094645,0,0.13383442119963773
4645,1094646,0,0.3138184158275322
4646,1094647,0,0.2907013354224836
4647,1094648,0,0.29383294428339
4648,1094649,0,0.33810526140020786
4649,1094650,0,0.17305343169954981
4650,1094651,0,0.21574133403164245
4651,1094652,0,0.2391684023917121
4652,1094653,0,0.3221569278024953
4653,1094654,0,0.2773709398861194
4654,1094655,0,0.26453991385492054
4655,1094656,0,0.36721967173340075
4656,1094657,0,0.42794252896600943
4657,1094658,0,0.18556699307587574
4658,1094659,0,0.33079375735383215
4659,1094660,1,0.5195760848946052
4660,1094661,0,0.37460140206408565
4661,1094662,0,0.36061964881865405
4662,1094663,0,0.49335592184144517
4663,1094664,0,0.33152818287859803
4664,1094665,1,0.6535446669884517
4665,1094666,1,0.5238487019857297
4666,1094667,0,0.29521122375374687
4667,1094668,0,0.26376560076219296
4668,1094669,0,0.4410034370204775
4669,1094670,0,0.1713638688435567
4670,1094671,0,0.3561964033104131
4671,1094672,0,0.4892389748591555
4672,1094673,0,0.4246174986876443
4673,1094674,0,0.369101394350785
4674,1094675,0,0.2529524052951075
4675,1094676,0,0.39769409099736763
4676,1094677,0,0.24386820239511398
4677,1094678,0,0.3380077292828941
4678,1094679,0,0.18723141785055916
4679,1094680,0,0.38836571105652445
4680,1094681,1,0.5643602158180827
4681,1094682,0,0.35433165913629006
4682,1094683,0,0.4199235445210133
4683,1094684,0,0.36256714054773537
4684,1094685,0,0.4055583611712001
4685,1094686,0,0.32320169161747997
4686,1094687,0,0.4475143558632377
4687,1094688,0,0.18800670066180325
4688,1094689,0,0.36865378923338604
4689,1094690,0,0.424109350672563
4690,1094691,0,0.49387024812646035
4691,1094692,0,0.3470692624749114
4692,1094693,0,0.15294101982738836
4693,1094694,0,0.24574199566195593
4694,1094695,0,0.24418902350501692
4695,1094696,0,0.2432165410481885
4696,1094697,0,0.31482981725463016
4697,1094698,0,0.31336653847639123
4698,1094699,0,0.15985966756838343
4699,1094700,0,0.3354886691881069
4700,1094701,0,0.4218797703167932
4701,1094702,0,0.38860733887366633
4702,1094703,0,0.42591886624947606
4703,1094704,1,0.8638153381371095
4704,1094705,0,0.2884658790568924
4705,1094706,0,0.4992651025790912
4706,1094707,0,0.4856628059847697
4707,1094708,0,0.3616139114822979
4708,1094709,0,0.2866667979475404
4709,1094710,1,0.5840006124526732
4710,1094711,0,0.18661654083161042
4711,1094712,0,0.23811151770851682
4712,1094713,0,0.38856982337869944
4713,1094714,0,0.39535535962012364
4714,1094715,0,0.43825408553668693
4715,1094716,0,0.26890670538689354
4716,1094717,0,0.3259663194804634
4717,1094718,1,0.5150367598457478
4718,1094719,0,0.3371669448027634
4719,1094720,0,0.35964990262361957
4720,1094721,0,0.234416892305764
4721,1094722,0,0.2427812420093785
4722,1094723,0,0.28294731696836645
4723,1094724,0,0.31818592721866884
4724,1094725,0,0.3396440610757642
4725,1094726,0,0.4915660213400845
4726,1094727,0,0.4397420905918391
4727,1094728,0,0.3578449251950762
4728,1094729,0,0.42447969398298546
4729,1094730,0,0.26069105353430466
4730,1094731,1,0.6144604737490276
4731,1094732,0,0.3227638562682013
4732,1094733,0,0.1702667329889145
4733,1094734,0,0.3206417396071493
4734,1094735,0,0.2600758136051289
4735,1094736,1,0.6045340868748994
4736,1094737,0,0.3044679466697463
4737,1094738,0,0.3326255410535722
4738,1094739,0,0.33413304121205606
4739,1094740,0,0.40583359832002136
4740,1094741,0,0.24969764333784109
4741,1094742,0,0.4332840631087691
4742,1094743,0,0.2529342655541113
4743,1094744,0,0.3732905546794197
4744,1094745,0,0.446275091402633
4745,1094746,0,0.35288622524263435
4746,1094747,0,0.26715475667140287
4747,1094748,0,0.41411897410865334
4748,1094749,0,0.2171516256811751
4749,1094750,0,0.2570000260418182
4750,1094751,0,0.2703455723997253
4751,1094752,0,0.1984663473215918
4752,1094753,0,0.36614759833504634
4753,1094754,1,0.9239763056245519
4754,1094755,0,0.2727499578276787
4755,1094756,0,0.29744328247228546
4756,1094757,0,0.2661886913782168
4757,1094758,0,0.24285842991962833
4758,1094759,0,0.31887580171492863
4759,1094760,0,0.2620251691128232
4760,1094761,0,0.27315432803443424
4761,1094762,0,0.3445427114881164
4762,1094763,0,0.25773399846057127
4763,1094764,0,0.3126848542974371
4764,1094765,0,0.35228156065247646
4765,1094766,0,0.17300713724530498
4766,1094767,0,0.3306339391957851
4767,1094768,0,0.36360294333159693
4768,1094769,0,0.40735946419781677
4769,1094770,0,0.19815027449769057
4770,1094771,0,0.28618824507772267
4771,1094772,0,0.21856302008171327
4772,1094773,0,0.2040849476282809
4773,1094774,1,0.5809838553754655
4774,1094775,0,0.21666383855007146
4775,1094776,0,0.41265565164377044
4776,1094777,0,0.3492717963017756
4777,1094778,0,0.48191488883136824
4778,1094779,1,0.5500214449797061
4779,1094780,0,0.3022451411991068
4780,1094781,0,0.47643652694948146
4781,1094782,0,0.3213739530385689
4782,1094783,0,0.36405908350751115
4783,1094784,0,0.24560564821629974
4784,1094785,0,0.3435366550916491
4785,1094786,0,0.3437996873135542
4786,1094787,0,0.3351646408012292
4787,1094788,0,0.23711256494139982
4788,1094789,0,0.3783975221262047
4789,1094790,1,0.9815014950062096
4790,1094791,0,0.2241078708427499
4791,1094792,0,0.4891657020460438
4792,1094793,0,0.3564495618421883
4793,1094794,0,0.39833676163825044
4794,1094795,0,0.23584409467600131
4795,1094796,0,0.3087824477432202
4796,1094797,0,0.13427546060515097
4797,1094798,0,0.24786304056905226
4798,1094799,0,0.27482328413130197
4799,1094800,0,0.2391301251652872
4800,1094801,0,0.212245452398271
4801,1094802,0,0.28651230204809974
4802,1094803,0,0.4458303121741525
4803,1094804,0,0.2630863065142092
4804,1094805,0,0.21034643501177713
4805,1094806,0,0.1905768500630221
4806,1094807,0,0.18463590955338066
4807,1094808,0,0.21291566968957565
4808,1094809,0,0.14554363699132913
4809,1094810,0,0.31036684392037006
4810,1094811,0,0.22550132858564764
4811,1094812,0,0.2310972129267339
4812,1094813,0,0.1720608308954669
4813,1094814,0,0.3296952982989236
4814,1094815,0,0.4115464934454139
4815,1094816,0,0.2149342421685795
4816,1094817,0,0.24722025583539645
4817,1094818,0,0.262245046995231
4818,1094819,0,0.09276365982323644
4819,1094820,0,0.30852131260397647
4820,1094821,0,0.4852876317175951
4821,1094822,0,0.2486871871156289
4822,1094823,1,0.5025556136849049
4823,1094824,0,0.4226610310316248
4824,1094825,0,0.464868761581573
4825,1094826,0,0.3284405503080796
4826,1094827,0,0.1305979072536723
4827,1094828,0,0.424680822779243
4828,1094829,0,0.3632275027356887
4829,1094830,0,0.18387993001259456
4830,1094831,0,0.3778667574579044
4831,1094832,0,0.3981519769895969
4832,1094833,0,0.31518762779741843
4833,1094834,0,0.22902026694827485
4834,1094835,1,0.9254427029227332
4835,1094836,1,0.6439087983436577
4836,1094837,0,0.24820603945624936
4837,1094838,0,0.28345252262356724
4838,1094839,1,0.7010639206559794
4839,1094840,1,0.6386739355402644
4840,1094841,0,0.32439260004183784
4841,1094842,0,0.2830357012849166
4842,1094843,0,0.2731844180408111
4843,1094844,0,0.44266016011933773
4844,1094845,0,0.3953302992754178
4845,1094846,0,0.21035875767183618
4846,1094847,0,0.32010820335794654
4847,1094848,0,0.28298241223440673
4848,1094849,0,0.23039176075139273
4849,1094850,0,0.23204318282838127
4850,1094851,1,0.6277603767431921
4851,1094852,0,0.27477034853009596
4852,1094853,1,0.5481308056171186
4853,1094854,0,0.33813228650486493
4854,1094855,0,0.27360583129464267
4855,1094856,0,0.2256615536955387
4856,1094857,0,0.33254342548235194
4857,1094858,0,0.21919767820691302
4858,1094859,0,0.41444346961145356
4859,1094860,0,0.19949591858992677
4860,1094861,0,0.4822585064798212
4861,1094862,0,0.35479133673947494
4862,1094863,1,0.6881624384952855
4863,1094864,0,0.3607073596896816
4864,1094865,0,0.1940416555115166
4865,1094866,0,0.2755256409947089
4866,1094867,0,0.2723468713049889
4867,1094868,0,0.3120816499577315
4868,1094869,0,0.11332617101851285
4869,1094870,0,0.2751352381955609
4870,1094871,0,0.20784962379799357
4871,1094872,0,0.3591834037228092
4872,1094873,0,0.3054972536938675
4873,1094874,0,0.40977278568467423
4874,1094875,0,0.2560322214862147
4875,1094876,0,0.4694871249579656
4876,1094877,0,0.23362798686921923
4877,1094878,0,0.2290223798790571
4878,1094879,0,0.3015836880238273
4879,1094880,0,0.4273368938025222
4880,1094881,1,0.737582367021165
4881,1094882,0,0.2118478916111375
4882,1094883,0,0.24853306700804084
4883,1094884,0,0.2653414379150383
4884,1094885,0,0.33232247981766
4885,1094886,0,0.3652679664717102
4886,1094887,1,0.5308867650596695
4887,1094888,0,0.2304319295667417
4888,1094889,0,0.3341375470479848
4889,1094890,0,0.3144948539175667
4890,1094891,0,0.32857860167898056
4891,1094892,0,0.22629711234636102
4892,1094893,0,0.18292337480795967
4893,1094894,0,0.2373596699066109
4894,1094895,0,0.32622433952337815
4895,1094896,0,0.4615367882703169
4896,1094897,0,0.3007885422344618
4897,1094898,0,0.3483938216445841
4898,1094899,0,0.32084002764798175
4899,1094900,0,0.26244969384801076
4900,1094901,1,0.5580067450797266
4901,1094902,0,0.17804042510300436
4902,1094903,0,0.30000837367193095
4903,1094904,0,0.38057695410062864
4904,1094905,0,0.283566579949467
4905,1094906,0,0.23935125805295043
4906,1094907,1,0.504311973379058
4907,1094908,0,0.1772287347633844
4908,1094909,0,0.3154584576890524
4909,1094910,1,0.5030535442357803
4910,1094911,1,0.5885977713155452
4911,1094912,0,0.2961362712693832
4912,1094913,0,0.11841345902906758
4913,1094914,0,0.30439994035627205
4914,1094915,0,0.2353343033086614
4915,1094916,0,0.27016707719325395
4916,1094917,0,0.18494831515174923
4917,1094918,0,0.146793974561245
4918,1094919,0,0.3174126080591958
4919,1094920,0,0.2407815191927038
4920,1094921,0,0.3496744615453773
4921,1094922,0,0.25124362700058933
4922,1094923,0,0.3087097395458354
4923,1094924,0,0.2636511877355689
4924,1094925,0,0.2698530386853946
4925,1094926,0,0.32784848618207246
4926,1094927,0,0.19206287620403634
4927,1094928,0,0.23516057553219602
4928,1094929,1,0.5254979235786781
4929,1094930,0,0.1627356659406165
4930,1094931,1,0.8776290224753772
4931,1094932,0,0.1748264519915485
4932,1094933,0,0.35529985862372815
4933,1094934,0,0.2846501134847148
4934,1094935,0,0.16916628462983244
4935,1094936,0,0.42126247524123817
4936,1094937,0,0.17951997716860035
4937,1094938,0,0.27616134421050037
4938,1094939,0,0.3517864164169865
4939,1094940,0,0.3023934719248382
4940,1094941,0,0.29689581063961906
4941,1094942,0,0.34256992210942927
4942,1094943,0,0.32773653608182307
4943,1094944,0,0.43729013484289764
4944,1094945,0,0.1234023648958808
4945,1094946,0,0.22976607909372918
4946,1094947,0,0.2106953091042922
4947,1094948,0,0.40698099439962176
4948,1094949,1,0.5204881574255537
4949,1094950,0,0.2283816032089936
4950,1094951,0,0.21569082707006107
4951,1094952,0,0.35352948593228944
4952,1094953,1,0.5163236740963113
4953,1094954,0,0.3553846557342858
4954,1094955,0,0.26351300482217355
4955,1094956,0,0.14084880760530136
4956,1094957,0,0.24379435810090938
4957,1094958,0,0.24424890520441386
4958,1094959,0,0.17192982659997527
4959,1094960,0,0.29034380742485005
4960,1094961,0,0.3873239720184762
4961,1094962,0,0.24733463014724155
4962,1094963,0,0.26791782610944986
4963,1094964,0,0.4126669168773992
4964,1094965,1,0.5823684401771605
4965,1094966,1,0.6146678665098483
4966,1094967,1,0.8164671662945848
4967,1094968,0,0.23838488530756113
4968,1094969,0,0.2623127086674458
4969,1094970,0,0.35909526097033995
4970,1094971,0,0.3028849371148529
4971,1094972,0,0.32441593687763054
4972,1094973,0,0.23812041126494973
4973,1094974,1,0.613657100944348
4974,1094975,1,0.528879035958258
4975,1094976,0,0.3707692305241011
4976,1094977,0,0.13249534094944182
4977,1094978,0,0.3900358356849602
4978,1094979,0,0.26552705416659766
4979,1094980,0,0.34181297952246925
4980,1094981,0,0.2764306774404311
4981,1094982,0,0.48871781328716724
4982,1094983,0,0.2564679389932306
4983,1094984,0,0.3787161532952504
4984,1094985,1,0.5250816650826
4985,1094986,1,0.5432076564292474
4986,1094987,0,0.40255413189083294
4987,1094988,0,0.4312599779039768
4988,1094989,0,0.4150625828123327
4989,1094990,0,0.2861905892329618
4990,1094991,0,0.192108329576707
4991,1094992,0,0.26059572706307144
4992,1094993,0,0.4620678633780804
4993,1094994,0,0.3064663741577768
4994,1094995,0,0.2844659929665974
4995,1094996,1,0.6084948846370016
4996,1094997,0,0.38436343558409103
4997,1094998,0,0.29896913735805186
4998,1094999,0,0.2630143919345067
4999,1095000,0,0.47286650252103013
5000,1095001,0,0.30422399015615015
5001,1095002,0,0.20424033420416812
5002,1095003,1,0.5110035385587527
5003,1095004,0,0.1900672208286224
5004,1095005,0,0.33760460559152244
5005,1095006,0,0.22097876641600053
5006,1095007,0,0.40814896949564555
5007,1095008,0,0.22472042826198613
5008,1095009,0,0.39351787250005027
5009,1095010,0,0.18734708644316497
5010,1095011,1,0.62904263814761
5011,1095012,0,0.15926380107212115
5012,1095013,0,0.21685372096913655
5013,1095014,0,0.30542196542364203
5014,1095015,0,0.46609884774446064
5015,1095016,0,0.22122106154228058
5016,1095017,0,0.31360659497177557
5017,1095018,0,0.24092886689351678
5018,1095019,0,0.24272768995634833
5019,1095020,0,0.3192263724173502
5020,1095021,0,0.18093000149289598
5021,1095022,1,0.5458637670772899
5022,1095023,0,0.3156478422426411
5023,1095024,0,0.29165907040386957
5024,1095025,1,0.5408625680843444
5025,1095026,0,0.27881476838601804
5026,1095027,0,0.21154129511809863
5027,1095028,0,0.18099048999855596
5028,1095029,0,0.2955340413282254
5029,1095030,0,0.3359343754492413
5030,1095031,0,0.2854366218835478
5031,1095032,0,0.1510490156961086
5032,1095033,0,0.41448540336715506
5033,1095034,0,0.24210435820405216
5034,1095035,0,0.30034593608130866
5035,1095036,0,0.2000183518310266
5036,1095037,0,0.33268913658650257
5037,1095038,0,0.3708715371497151
5038,1095039,0,0.1847434697901362
5039,1095040,0,0.40593914481152615
5040,1095041,0,0.33181628621686166
5041,1095042,0,0.22775127703676937
5042,1095043,0,0.32368310716463633
5043,1095044,0,0.17616174280338223
5044,1095045,0,0.2421978719715634
5045,1095046,0,0.3620177325434181
5046,1095047,0,0.26983918298183796
5047,1095048,0,0.1798762858167338
5048,1095049,0,0.35603331835303104
5049,1095050,0,0.35448266562725134
5050,1095051,0,0.32061759974046167
5051,1095052,0,0.3937966503738923
5052,1095053,0,0.40729680171958443
5053,1095054,0,0.2836863334038358
5054,1095055,0,0.2690535115978567
5055,1095056,0,0.2649714337557017
5056,1095057,0,0.2251243175197922
5057,1095058,0,0.38280605092617825
5058,1095059,0,0.32803386500401815
5059,1095060,0,0.3105386152130954
5060,1095061,0,0.45947341149131676
5061,1095062,0,0.19812522401080926
5062,1095063,0,0.4383165160685276
5063,1095064,0,0.16785176578269553
5064,1095065,0,0.3539627466470592
5065,1095066,0,0.3720551269153714
5066,1095067,0,0.30394837906069655
5067,1095068,0,0.28417978695592355
5068,1095069,0,0.3300114501356173
5069,1095070,0,0.40242865712120623
5070,1095071,0,0.34600201409470993
5071,1095072,0,0.33248862574864696
5072,1095073,0,0.3249657095136422
5073,1095074,0,0.26733773048447407
5074,1095075,0,0.25027775723730206
5075,1095076,0,0.4802477018279499
5076,1095077,0,0.42176827036707043
5077,1095078,0,0.18970978613797382
5078,1095079,0,0.432491768953679
5079,1095080,1,0.548298165137192
5080,1095081,0,0.3165628410172213
5081,1095082,0,0.22669197091987478
5082,1095083,0,0.3559275813840776
5083,1095084,1,0.6312401148452269
5084,1095085,0,0.39267008357684613
5085,1095086,0,0.35429497854072345
5086,1095087,0,0.17640507662303404
5087,1095088,0,0.2283116006410576
5088,1095089,0,0.27645397851492665
5089,1095090,1,0.6795532047860297
5090,1095091,0,0.3599396376484616
5091,1095092,0,0.4478984899705137
5092,1095093,1,0.5306556369625038
5093,1095094,0,0.27180825965461636
5094,1095095,0,0.4099152514485041
5095,1095096,0,0.2878145414964308
5096,1095097,0,0.3368284162237737
5097,1095098,1,0.8731513931004017
5098,1095099,0,0.4008369652588191
5099,1095100,0,0.4082577568045568
5100,1095101,0,0.19832636135204865
5101,1095102,0,0.3851753021087786
5102,1095103,0,0.28436943102968437
5103,1095104,1,0.8358933362278143
5104,1095105,0,0.33272933671199006
5105,1095106,1,0.516521051366298
5106,1095107,0,0.3007942692707694
5107,1095108,0,0.20675665367064502
5108,1095109,1,0.6188855012546106
5109,1095110,0,0.34374221233168273
5110,1095111,0,0.29810234834413835
5111,1095112,0,0.4638052124511027
5112,1095113,1,0.6430928157102165
5113,1095114,0,0.4054194725517427
5114,1095115,0,0.2494433512117139
5115,1095116,0,0.2445886403501434
5116,1095117,0,0.3254545911307796
5117,1095118,0,0.18682491950096117
5118,1095119,0,0.2903409712681255
5119,1095120,0,0.31588268454397006
5120,1095121,0,0.2403672935064037
5121,1095122,0,0.24537404622415052
5122,1095123,0,0.337123564017226
5123,1095124,0,0.31581786098568826
5124,1095125,0,0.1961345555830566
5125,1095126,0,0.3125748123152481
5126,1095127,0,0.27023900855180333
5127,1095128,0,0.26350614724591415
5128,1095129,0,0.2905808058857662
5129,1095130,0,0.29939744868885176
5130,1095131,0,0.36986558075922116
5131,1095132,0,0.27395654335675285
5132,1095133,0,0.272582435191555
5133,1095134,0,0.3078950616633111
5134,1095135,0,0.3462937260264799
5135,1095136,0,0.1768735637675674
5136,1095137,0,0.4135495915007617
5137,1095138,0,0.32512101105802965
5138,1095139,0,0.1663121427695767
5139,1095140,0,0.40541601311308806
5140,1095141,0,0.24403122756281992
5141,1095142,0,0.33626433101473807
5142,1095143,0,0.47621892951994294
5143,1095144,0,0.41562349209685484
5144,1095145,0,0.25994246077427285
5145,1095146,0,0.406736933799658
5146,1095147,0,0.36992583995192746
5147,1095148,0,0.3519404366098858
5148,1095149,0,0.40336411497954155
5149,1095150,0,0.13082836205982967
5150,1095151,0,0.4575986151876109
5151,1095152,0,0.2019691744532744
5152,1095153,1,0.5859879632019722
5153,1095154,0,0.30326051823167355
5154,1095155,0,0.3292847907115835
5155,1095156,0,0.29803174629363427
5156,1095157,0,0.2691911604970887
5157,1095158,0,0.2658722763831537
5158,1095159,0,0.4429107188135713
5159,1095160,0,0.4983708420055715
5160,1095161,0,0.2831356995263766
5161,1095162,0,0.3206570399933781
5162,1095163,0,0.25194462791621514
5163,1095164,0,0.2462992059707607
5164,1095165,0,0.21359799028989235
5165,1095166,0,0.33789925308136687
5166,1095167,0,0.4690664570245134
5167,1095168,1,0.5064353675455329
5168,1095169,0,0.2692129065623662
5169,1095170,0,0.4414773742652647
5170,1095171,1,0.5223576420010273
5171,1095172,0,0.3075361612187288
5172,1095173,0,0.19668901033882213
5173,1095174,0,0.29869444840557086
5174,1095175,0,0.4450207757945995
5175,1095176,0,0.2640124349739414
5176,1095177,0,0.30932684255744913
5177,1095178,0,0.2300406020066762
5178,1095179,0,0.17837997452308926
5179,1095180,0,0.40733076154360126
5180,1095181,0,0.36751399461036754
5181,1095182,0,0.2235586134349667
5182,1095183,0,0.3527891512494921
5183,1095184,0,0.3572275198435421
5184,1095185,0,0.38241239627680995
5185,1095186,1,0.5290783730620433
5186,1095187,0,0.2899532361324766
5187,1095188,0,0.3881591889908326
5188,1095189,0,0.19227938758123947
5189,1095190,0,0.27747550921403724
5190,1095191,0,0.3079984297726469
5191,1095192,0,0.22572609234288882
5192,1095193,0,0.2761759003568289
5193,1095194,0,0.18091865275077323
5194,1095195,0,0.4262951312498973
5195,1095196,0,0.23640993479219047
5196,1095197,1,0.5314132953804874
5197,1095198,0,0.33804606066125475
5198,1095199,0,0.47426339581025984
5199,1095200,0,0.294746689666371
5200,1095201,0,0.35219518742195904
5201,1095202,0,0.24932717073176908
5202,1095203,0,0.2458613476389264
5203,1095204,0,0.22090612181828975
5204,1095205,0,0.4632895019508453
5205,1095206,0,0.17437119186170588
5206,1095207,0,0.2478210924654059
5207,1095208,0,0.31749524062070167
5208,1095209,1,0.5121100977358161
5209,1095210,0,0.2734739669842464
5210,1095211,0,0.2448424609381956
5211,1095212,0,0.21417883710443636
5212,1095213,0,0.15868461728114144
5213,1095214,0,0.46055838667992066
5214,1095215,0,0.3262316486289547
5215,1095216,0,0.4865293622638738
5216,1095217,0,0.4247909159342207
5217,1095218,0,0.23323389224107716
5218,1095219,0,0.2874555001522835
5219,1095220,0,0.2586031808745052
5220,1095221,0,0.234714983962144
5221,1095222,0,0.3032228833652988
5222,1095223,0,0.36915169864166425
5223,1095224,0,0.22020573776550528
5224,1095225,1,0.5046183912603814
5225,1095226,0,0.22371046256394267
5226,1095227,0,0.3297629032378158
5227,1095228,0,0.3771204410004361
5228,1095229,0,0.37636497744950076
5229,1095230,0,0.20416057960339326
5230,1095231,0,0.3308235553293777
5231,1095232,0,0.2712292215817226
5232,1095233,0,0.2504257096076591
5233,1095234,0,0.3948078864606607
5234,1095235,0,0.29675987058888637
5235,1095236,0,0.3685369679792563
5236,1095237,0,0.25476165663622324
5237,1095238,0,0.26345729494851094
5238,1095239,0,0.4211637779833831
5239,1095240,0,0.3385506963907654
5240,1095241,0,0.2674405738163832
5241,1095242,0,0.43109551586297845
5242,1095243,0,0.37557545644887474
5243,1095244,1,0.7214469019464477
5244,1095245,0,0.29890705791673783
5245,1095246,0,0.2760641774838986
5246,1095247,0,0.4072139098502451
5247,1095248,0,0.17447015384461173
5248,1095249,0,0.2546975445303518
5249,1095250,0,0.41209539646544785
5250,1095251,0,0.3393919498413837
5251,1095252,0,0.16792048854712233
5252,1095253,0,0.4799086731339214
5253,1095254,0,0.3039038314673926
5254,1095255,0,0.37796560680632296
5255,1095256,0,0.20801561303022734
5256,1095257,0,0.28791303397373186
5257,1095258,0,0.416071003631307
5258,1095259,0,0.28306374307412807
5259,1095260,0,0.4597195091015563
5260,1095261,1,0.5650230178393267
5261,1095262,0,0.1760459899821582
5262,1095263,0,0.3315006612991891
5263,1095264,0,0.23847303994175056
5264,1095265,0,0.3249511080554407
5265,1095266,0,0.2886558039791121
5266,1095267,1,0.6485169196856625
5267,1095268,0,0.2567800465123881
5268,1095269,1,0.6726446622555551
5269,1095270,0,0.28975692125464847
5270,1095271,0,0.25531587069449413
5271,1095272,0,0.3096019704113157
5272,1095273,0,0.476645130156492
5273,1095274,0,0.4464772687298034
5274,1095275,0,0.2524560700409395
5275,1095276,0,0.3379174369408307
5276,1095277,0,0.22832638653197163
5277,1095278,0,0.26909284394758676
5278,1095279,0,0.20555867739609354
5279,1095280,0,0.20404812433041297
5280,1095281,0,0.29713544895762156
5281,1095282,1,0.5657261297158762
5282,1095283,0,0.27509238561495014
5283,1095284,0,0.14766933349627753
5284,1095285,0,0.16594887823922785
5285,1095286,0,0.20870123312006064
5286,1095287,0,0.18279592922402568
5287,1095288,0,0.3027688513575916
5288,1095289,0,0.28038926995683455
5289,1095290,1,0.5304108713891387
5290,1095291,1,0.6101363667021825
5291,1095292,0,0.22264454636770226
5292,1095293,0,0.3980265869494834
5293,1095294,1,0.7502526857164497
5294,1095295,0,0.2155023905520005
5295,1095296,0,0.394859664867857
5296,1095297,0,0.26055237177270074
5297,1095298,0,0.30728383113548363
5298,1095299,1,0.6201625739898401
5299,1095300,0,0.35701252509206544
5300,1095301,0,0.1945996991603156
5301,1095302,0,0.3404115397518057
5302,1095303,0,0.3394588969189156
5303,1095304,0,0.37852145959744443
5304,1095305,0,0.26025460436973935
5305,1095306,0,0.37472336981555404
5306,1095307,0,0.18158914803388843
5307,1095308,0,0.2332756115218835
5308,1095309,0,0.24212779778922497
5309,1095310,0,0.14329515933845452
5310,1095311,0,0.2623680135216536
5311,1095312,0,0.2175507631335555
5312,1095313,1,0.6133088721158318
5313,1095314,0,0.2517492737454654
5314,1095315,1,0.6411848689462851
5315,1095316,0,0.14514268043224032
5316,1095317,0,0.43927140062757275
5317,1095318,0,0.3441154697400573
5318,1095319,1,0.5733266332958528
5319,1095320,0,0.2869249640886391
5320,1095321,0,0.1806925050212565
5321,1095322,0,0.28100202665497276
5322,1095323,1,0.5055769331302367
5323,1095324,0,0.3337819384713057
5324,1095325,0,0.3610936294045128
5325,1095326,0,0.2374074304366697
5326,1095327,1,0.5168740466101193
5327,1095328,0,0.27638384507378555
5328,1095329,0,0.3130333315641185
5329,1095330,1,0.636349106559402
5330,1095331,0,0.2859613157305996
5331,1095332,0,0.24632201022594155
5332,1095333,0,0.47043124977370493
5333,1095334,0,0.30096221545252855
5334,1095335,0,0.325405233416193
5335,1095336,0,0.21500020489247457
5336,1095337,0,0.2543775015734942
5337,1095338,0,0.3525040887151258
5338,1095339,0,0.17140314782632465
5339,1095340,0,0.3018550251034417
5340,1095341,0,0.20020173529219745
5341,1095342,0,0.31123532827392647
5342,1095343,0,0.22295288129610535
5343,1095344,0,0.17569027665931536
5344,1095345,1,0.5782537405662582
5345,1095346,0,0.39277531367160795
5346,1095347,0,0.35640584433432787
5347,1095348,0,0.33820787256037765
5348,1095349,0,0.4068641177335753
5349,1095350,0,0.28480936671319557
5350,1095351,0,0.21686619430984475
5351,1095352,0,0.18253107682413394
5352,1095353,0,0.2361809237462539
5353,1095354,0,0.3053989453294737
5354,1095355,0,0.28593820833941963
5355,1095356,0,0.29981276268734985
5356,1095357,1,0.7077826977087616
5357,1095358,0,0.33544167833827543
5358,1095359,0,0.49846730584569215
5359,1095360,0,0.181462775446025
5360,1095361,0,0.3429844371548738
5361,1095362,0,0.3222356995559334
5362,1095363,1,0.5694275714316638
5363,1095364,0,0.3249582364399173
5364,1095365,0,0.3295566656993988
5365,1095366,0,0.47448729674506107
5366,1095367,0,0.2841570604940953
5367,1095368,0,0.4351308891901429
5368,1095369,0,0.3892533740364203
5369,1095370,1,0.5039200822016444
5370,1095371,0,0.3082284366110025
5371,1095372,0,0.28240616468865803
5372,1095373,0,0.30663091951712196
5373,1095374,0,0.23005182098421978
5374,1095375,0,0.1718515860841976
5375,1095376,0,0.3114885613672643
5376,1095377,0,0.16991686981791376
5377,1095378,0,0.23089004739583804
5378,1095379,0,0.34322055331802975
5379,1095380,0,0.23127262481329386
5380,1095381,0,0.24842097937012256
5381,1095382,0,0.23766387299387856
5382,1095383,0,0.24910158450116499
5383,1095384,0,0.23973901522768476
5384,1095385,0,0.24121949388912342
5385,1095386,1,0.5885241018814182
5386,1095387,0,0.27958553577286827
5387,1095388,0,0.19020937683890493
5388,1095389,0,0.20902924133980116
5389,1095390,1,0.6160279332583014
5390,1095391,0,0.26795642638025424
5391,1095392,1,0.5874114572768371
5392,1095393,0,0.22299046867857766
5393,1095394,0,0.41173179951943323
5394,1095395,0,0.2777951496963745
5395,1095396,0,0.31546381838142057
5396,1095397,0,0.3132526193825518
5397,1095398,0,0.2739910577510312
5398,1095399,0,0.25132323604306966
5399,1095400,0,0.31321096888766636
5400,1095401,0,0.4916084860147134
5401,1095402,0,0.14521890209009383
5402,1095403,0,0.370622285412345
5403,1095404,0,0.21274496407071117
5404,1095405,0,0.1956599558275817
5405,1095406,0,0.46047858219157506
5406,1095407,0,0.4560542394121205
5407,1095408,0,0.3032702801181819
5408,1095409,0,0.2948054210707679
5409,1095410,0,0.24887449741457532
5410,1095411,0,0.3032256641250297
5411,1095412,0,0.390735782040897
5412,1095413,0,0.21810022477184368
5413,1095414,0,0.40789236679854257
5414,1095415,0,0.2490476493316266
5415,1095416,0,0.3061971721260834
5416,1095417,0,0.37150649600062824
5417,1095418,0,0.3695626123089714
5418,1095419,0,0.31451921950877515
5419,1095420,0,0.3284484847520049
5420,1095421,0,0.15129537810860347
5421,1095422,1,0.5602171646914236
5422,1095423,0,0.49781954967993003
5423,1095424,0,0.23448659939109265
5424,1095425,0,0.28858067239483043
5425,1095426,0,0.468934796625772
5426,1095427,0,0.4754214907451594
5427,1095428,0,0.33298240041204746
5428,1095429,0,0.25551934939074844
5429,1095430,1,0.609257735428124
5430,1095431,0,0.17372043425401656
5431,1095432,0,0.209760112071285
5432,1095433,0,0.2084536580078927
5433,1095434,0,0.2149157613662165
5434,1095435,0,0.289353355225659
5435,1095436,0,0.30079084863292643
5436,1095437,0,0.35062492496427394
5437,1095438,0,0.3642819092962168
5438,1095439,0,0.4663655511931201
5439,1095440,0,0.34184880653597227
5440,1095441,0,0.3712624256039783
5441,1095442,0,0.30009659370394437
5442,1095443,0,0.42223161469077464
5443,1095444,0,0.48458227116622177
5444,1095445,0,0.3168211773477657
5445,1095446,0,0.4825129826392707
5446,1095447,0,0.30202409680531705
5447,1095448,0,0.4323832890628763
5448,1095449,0,0.21625476634458962
5449,1095450,0,0.22700014201469312
5450,1095451,0,0.2223718679743685
5451,1095452,1,0.6094536775138392
5452,1095453,0,0.39034709970084
5453,1095454,0,0.2683736525741923
5454,1095455,0,0.31124677321507693
5455,1095456,0,0.20590962448509972
5456,1095457,0,0.29781256294332836
5457,1095458,0,0.36686876478823166
5458,1095459,0,0.2953472379583908
5459,1095460,0,0.3895509951752232
5460,1095461,0,0.30192093187429925
5461,1095462,0,0.3154717257561751
5462,1095463,0,0.3384404214604169
5463,1095464,0,0.31711734116630586
5464,1095465,0,0.12343069289128053
5465,1095466,0,0.2145886625814202
5466,1095467,0,0.3528690636724554
5467,1095468,0,0.2629053390478893
5468,1095469,0,0.2733723041622507
5469,1095470,0,0.4592138325137316
5470,1095471,0,0.1845691971595608
5471,1095472,0,0.3189981255566322
5472,1095473,0,0.4834743817541399
5473,1095474,0,0.39534980313561585
5474,1095475,0,0.40728351253368245
5475,1095476,0,0.4031989362033993
5476,1095477,0,0.2616130592992644
5477,1095478,0,0.3313990517259081
5478,1095479,0,0.480451196142881
5479,1095480,0,0.2668385591477066
5480,1095481,0,0.20969633032390186
5481,1095482,0,0.4417164857517016
5482,1095483,0,0.2571842276655278
5483,1095484,0,0.33076353225079425
5484,1095485,0,0.2818721439652742
5485,1095486,0,0.3590381787124194
5486,1095487,0,0.44123184738622834
5487,1095488,0,0.3010875665430325
5488,1095489,0,0.36912395621452704
5489,1095490,1,0.5452583007144935
5490,1095491,0,0.22350834780396162
5491,1095492,0,0.4588458306795498
5492,1095493,0,0.3987934723226237
5493,1095494,0,0.4360219593882023
5494,1095495,0,0.4428266428904107
5495,1095496,1,0.603561183523938
5496,1095497,0,0.3940636527745591
5497,1095498,0,0.41331693063571484
5498,1095499,0,0.3112892709512741
5499,1095500,0,0.3600106262214671
5500,1095501,0,0.20406135925658805
5501,1095502,0,0.4085620349210947
5502,1095503,0,0.3615901833107758
5503,1095504,0,0.26582760895395285
5504,1095505,0,0.4907766242534067
5505,1095506,0,0.28443648021245327
5506,1095507,0,0.4220356690344909
5507,1095508,1,0.5684496077477507
5508,1095509,0,0.3286297483784669
5509,1095510,0,0.28265805962439605
5510,1095511,0,0.2743661104815743
5511,1095512,0,0.3140627607356552
5512,1095513,0,0.34470986499619527
5513,1095514,0,0.3079322157865372
5514,1095515,0,0.28428937733984805
5515,1095516,0,0.43027537579927905
5516,1095517,0,0.49752349867596307
5517,1095518,0,0.2698784738696278
5518,1095519,0,0.2890096137162326
5519,1095520,0,0.16152319936080503
5520,1095521,1,0.6027816327000698
5521,1095522,0,0.4203610023339204
5522,1095523,0,0.40497087068871795
5523,1095524,0,0.46145533589633314
5524,1095525,0,0.40995780886848393
5525,1095526,0,0.30634266924111997
5526,1095527,0,0.3303135566109986
5527,1095528,0,0.3441388856854514
5528,1095529,0,0.3991856752572245
5529,1095530,1,0.6834553565219235
5530,1095531,0,0.27588062322639073
5531,1095532,0,0.23263523097205357
5532,1095533,0,0.31391792428788523
5533,1095534,0,0.19164750980967163
5534,1095535,0,0.2725388738324025
5535,1095536,0,0.1393830809385719
5536,1095537,0,0.3056348358878616
5537,1095538,0,0.27644501932147153
5538,1095539,1,0.577483308147319
5539,1095540,0,0.3499052916902674
5540,1095541,0,0.2785979091016463
5541,1095542,1,0.6353717843921569
5542,1095543,0,0.1926906853554106
5543,1095544,0,0.44487579509360275
5544,1095545,0,0.4738497265726781
5545,1095546,0,0.27432506073136304
5546,1095547,0,0.2394205052958324
5547,1095548,1,0.6124986735237401
5548,1095549,0,0.45344053471814505
5549,1095550,0,0.28319165226895965
5550,1095551,0,0.4391136955997671
5551,1095552,0,0.31814905924747194
5552,1095553,0,0.4644625456663678
5553,1095554,1,0.5506298227524318
5554,1095555,0,0.13485406064923403
5555,1095556,0,0.39048009972470316
5556,1095557,0,0.2840545855823193
5557,1095558,0,0.16064545035627695
5558,1095559,0,0.39774409578680403
5559,1095560,0,0.40397909030909945
5560,1095561,0,0.2972504572117556
5561,1095562,0,0.19026753480256633
5562,1095563,0,0.4489848596823377
5563,1095564,0,0.31474396206833577
5564,1095565,0,0.20989518891730602
5565,1095566,0,0.32305798993838614
5566,1095567,0,0.30658475002002766
5567,1095568,1,0.5807370919164664
5568,1095569,0,0.4432621797640465
5569,1095570,0,0.271298412449576
5570,1095571,0,0.19182206778966618
5571,1095572,0,0.19750593415183618
5572,1095573,0,0.4081401812708689
5573,1095574,0,0.2998772664679932
5574,1095575,1,0.515082022546288
5575,1095576,0,0.35073561065902426
5576,1095577,0,0.29499065846228295
5577,1095578,0,0.3281641768892145
5578,1095579,0,0.2398941285067447
5579,1095580,0,0.40058341355660915
5580,1095581,0,0.3261719598916759
5581,1095582,0,0.37612873604798447
5582,1095583,0,0.3682155330680594
5583,1095584,0,0.242338164653218
5584,1095585,1,0.5897869305329182
5585,1095586,0,0.1645639069099291
5586,1095587,0,0.49132441223917767
5587,1095588,1,0.7497990456539454
5588,1095589,1,0.533018340895038
5589,1095590,0,0.25190104538593006
5590,1095591,0,0.24337643095075098
5591,1095592,0,0.4561518892460725
5592,1095593,0,0.22061287229265855
5593,1095594,0,0.32661022003919654
5594,1095595,0,0.30553340660542755
5595,1095596,0,0.21497128634772103
5596,1095597,0,0.29274983799226445
5597,1095598,0,0.22942839979749108
5598,1095599,0,0.18116238651756195
5599,1095600,0,0.2980867583971151
5600,1095601,0,0.2825916091692483
5601,1095602,0,0.29434634710393975
5602,1095603,0,0.3136810086439133
5603,1095604,0,0.26499242739715856
5604,1095605,0,0.2057835702952448
5605,1095606,0,0.46231982911462943
5606,1095607,0,0.3753260820794916
5607,1095608,1,0.6901405807938117
5608,1095609,0,0.2950099636416836
5609,1095610,0,0.2700094584911785
5610,1095611,0,0.35087486145395524
5611,1095612,0,0.13415128487750888
5612,1095613,0,0.34225238736555
5613,1095614,0,0.4223010633038432
5614,1095615,0,0.360897817411348
5615,1095616,0,0.2954548846667424
5616,1095617,0,0.46609954156467587
5617,1095618,0,0.4185694586858803
5618,1095619,0,0.3895913934688859
5619,1095620,0,0.3885532015333228
5620,1095621,0,0.2573531667801341
5621,1095622,0,0.4291038934007183
5622,1095623,0,0.26707622050760343
5623,1095624,0,0.20503582597590064
5624,1095625,0,0.2292263394857541
5625,1095626,0,0.33174068615086255
5626,1095627,0,0.44445989906487243
5627,1095628,0,0.3962098230571881
5628,1095629,0,0.3239600643650677
5629,1095630,0,0.3550567934304514
5630,1095631,0,0.20473766690939257
5631,1095632,0,0.2564440149879458
5632,1095633,0,0.21598432203678136
5633,1095634,0,0.3839114958064632
5634,1095635,0,0.3790322470993551
5635,1095636,0,0.4670416254629446
5636,1095637,1,0.6843354604601558
5637,1095638,0,0.2542133442029548
5638,1095639,0,0.12594770467491564
5639,1095640,0,0.35907679032135875
5640,1095641,1,0.5484332577112473
5641,1095642,0,0.17517807739428023
5642,1095643,0,0.2702645634000603
5643,1095644,0,0.35806979902681474
5644,1095645,0,0.30317567510502885
5645,1095646,0,0.23190457030760467
5646,1095647,0,0.440115647715733
5647,1095648,0,0.3294359019145345
5648,1095649,0,0.2891194048581519
5649,1095650,0,0.37946762077872787
5650,1095651,0,0.21020692534788812
5651,1095652,0,0.2836598342700348
5652,1095653,0,0.21583504963540548
5653,1095654,0,0.2248661131733652
5654,1095655,0,0.3418361446749453
5655,1095656,0,0.33579396450800814
5656,1095657,0,0.3166312387967415
5657,1095658,0,0.22152437739784844
5658,1095659,0,0.4927164912955827
5659,1095660,0,0.19678330147195153
5660,1095661,0,0.4745834902052235
5661,1095662,0,0.16538568670376816
5662,1095663,0,0.4089402806702494
5663,1095664,0,0.32436290624669
5664,1095665,0,0.30362733884662446
5665,1095666,0,0.3000472630438659
5666,1095667,0,0.27299090844501483
5667,1095668,0,0.4798833679719552
5668,1095669,0,0.19167721461420872
5669,1095670,1,0.5667834329434032
5670,1095671,0,0.3567195934161499
5671,1095672,0,0.4421649148419004
5672,1095673,0,0.3920870215988181
5673,1095674,0,0.4047455081433114
5674,1095675,0,0.31149537366631563
5675,1095676,0,0.45103167532548555
5676,1095677,0,0.3130039738400853
5677,1095678,0,0.17534671818418357
5678,1095679,0,0.18802957962825725
5679,1095680,0,0.32767210000157954
5680,1095681,0,0.25675013876666697
5681,1095682,0,0.37500817525873875
5682,1095683,0,0.26807557926247555
5683,1095684,0,0.18211595540163975
5684,1095685,0,0.362479298257388
5685,1095686,0,0.26157206485899714
5686,1095687,1,0.5179684089858073
5687,1095688,1,0.8109278039239881
5688,1095689,0,0.2120935211419667
5689,1095690,0,0.3511518054821835
5690,1095691,0,0.332327989772421
5691,1095692,0,0.2815966668474119
5692,1095693,0,0.2692455407813359
5693,1095694,0,0.23018206919808493
5694,1095695,0,0.2839137389665552
5695,1095696,0,0.3238107020124205
5696,1095697,0,0.2755412674678309
5697,1095698,0,0.25697537718156055
5698,1095699,0,0.3852046750153736
5699,1095700,0,0.27134207422476436
5700,1095701,0,0.2023459813271245
5701,1095702,0,0.3430829418383097
5702,1095703,0,0.2714065441775861
5703,1095704,0,0.31607772212131896
5704,1095705,0,0.2884653292380285
5705,1095706,0,0.2800438000342811
5706,1095707,0,0.26286829800166556
5707,1095708,0,0.3131776196610965
5708,1095709,0,0.22566730577980537
5709,1095710,0,0.2556325660563701
5710,1095711,0,0.25311810695817283
5711,1095712,0,0.17877744548499502
5712,1095713,0,0.24920599448173303
5713,1095714,0,0.463622403003732
5714,1095715,0,0.3894596792195105
5715,1095716,0,0.3534333176682072
5716,1095717,0,0.21903620722358344
5717,1095718,0,0.24228143620590167
5718,1095719,0,0.25764022515777935
5719,1095720,0,0.23150589034159313
5720,1095721,0,0.3507343621594528
5721,1095722,1,0.5303681084251105
5722,1095723,1,0.5230277136854218
5723,1095724,0,0.2955277104379444
5724,1095725,0,0.2920019288491872
5725,1095726,0,0.39498205261437064
5726,1095727,0,0.45241215600386353
5727,1095728,0,0.2595043136849175
5728,1095729,0,0.1975314384278019
5729,1095730,0,0.1691455265694999
5730,1095731,1,0.6836499572377055
5731,1095732,0,0.3626381636276765
5732,1095733,0,0.4290038052819806
5733,1095734,0,0.2310487454485798
5734,1095735,0,0.17454750935725996
5735,1095736,0,0.32223275699672127
5736,1095737,0,0.3592244229422453
5737,1095738,0,0.4673492099073613
5738,1095739,0,0.4960999057059087
5739,1095740,0,0.2873074744726767
5740,1095741,1,0.6751954714629528
5741,1095742,0,0.3186955424711452
5742,1095743,0,0.24634361522428644
5743,1095744,0,0.18823759902374362
5744,1095745,0,0.2249102797182988
5745,1095746,0,0.22232604320281835
5746,1095747,0,0.4089976527065304
5747,1095748,0,0.1809522609085757
5748,1095749,0,0.23543329786723283
5749,1095750,0,0.42642130415005197
5750,1095751,0,0.3325863154183433
5751,1095752,0,0.32102047124127936
5752,1095753,0,0.34735359518113595
5753,1095754,0,0.1943765897707798
5754,1095755,0,0.21638411214936348
5755,1095756,0,0.3191206725484668
5756,1095757,0,0.24372349643800062
5757,1095758,1,0.5667229589878156
5758,1095759,0,0.2508677412997437
5759,1095760,0,0.22327182422762912
5760,1095761,0,0.46413204426955884
5761,1095762,0,0.4788582608347511
5762,1095763,0,0.456056180708433
5763,1095764,0,0.4609970342311595
5764,1095765,0,0.3302011477595766
5765,1095766,0,0.19534247276830807
5766,1095767,0,0.27726262884237474
5767,1095768,0,0.3493147180315457
5768,1095769,0,0.19129759105968291
5769,1095770,0,0.23038807133990655
5770,1095771,0,0.4192450407309062
5771,1095772,0,0.37639275760035207
5772,1095773,0,0.4508220374551721
5773,1095774,0,0.4071540769079681
5774,1095775,0,0.3211136879998823
5775,1095776,0,0.1935763055224115
5776,1095777,0,0.28574325522228106
5777,1095778,0,0.14854087256554235
5778,1095779,0,0.21937938646376395
5779,1095780,0,0.3241975601060794
5780,1095781,0,0.26453705304265746
5781,1095782,0,0.19932126095292121
5782,1095783,0,0.45409535283332764
5783,1095784,0,0.23534003352420654
5784,1095785,0,0.24647956298465204
5785,1095786,0,0.34307990731231636
5786,1095787,0,0.41279544612593966
5787,1095788,0,0.27050455575879917
5788,1095789,0,0.1921002941050611
5789,1095790,0,0.2591696736461536
5790,1095791,0,0.30862719627491747
5791,1095792,0,0.19474157578876983
5792,1095793,1,0.5924141593685003
5793,1095794,0,0.20394471237623113
5794,1095795,0,0.3054616855446822
5795,1095796,0,0.18426050796518223
5796,1095797,0,0.3902792186888048
5797,1095798,0,0.21673996289097547
5798,1095799,0,0.3046853838290427
5799,1095800,0,0.3444367622665809
5800,1095801,0,0.3669343666242833
5801,1095802,0,0.3327426777463079
5802,1095803,0,0.4626344654198979
5803,1095804,0,0.4363920759043583
5804,1095805,0,0.40398999733303076
5805,1095806,0,0.34571426448821835
5806,1095807,0,0.14635727681183489
5807,1095808,0,0.35701521940974196
5808,1095809,0,0.32548160500959167
5809,1095810,0,0.462742322640373
5810,1095811,0,0.35049474261584024
5811,1095812,0,0.23364602841858026
5812,1095813,0,0.3811675872330592
5813,1095814,0,0.24274460183270027
5814,1095815,0,0.2681529665174403
5815,1095816,0,0.3011250251019728
5816,1095817,0,0.390045477420401
5817,1095818,0,0.3403501706429017
5818,1095819,0,0.24633205905842198
5819,1095820,0,0.38593382947812455
5820,1095821,0,0.1856239582455971
5821,1095822,0,0.261537293727218
5822,1095823,0,0.38290662781247836
5823,1095824,0,0.34340249749075075
5824,1095825,0,0.22692799469904093
5825,1095826,0,0.20555815908523126
5826,1095827,0,0.28186064413655104
5827,1095828,0,0.289619854229914
5828,1095829,1,0.5184879411088508
5829,1095830,0,0.2697667509934461
5830,1095831,0,0.2447581116726801
5831,1095832,0,0.2789017321297697
5832,1095833,0,0.28283143193203847
5833,1095834,0,0.3302254556000778
5834,1095835,0,0.1854488084556124
5835,1095836,0,0.3930789743887814
5836,1095837,0,0.47898898006644686
5837,1095838,0,0.4457656553662389
5838,1095839,0,0.21751239655913404
5839,1095840,0,0.15808737465736447
5840,1095841,0,0.2574384222574647
5841,1095842,0,0.21587846202113362
5842,1095843,1,0.5929939139676718
5843,1095844,0,0.44492764590259987
5844,1095845,0,0.3612963509773137
5845,1095846,0,0.2594071873427062
5846,1095847,0,0.3647178073548622
5847,1095848,0,0.3024424998624994
5848,1095849,0,0.27236465581059294
5849,1095850,0,0.18124167434181762
5850,1095851,0,0.24264534161875392
5851,1095852,0,0.19569425221372608
5852,1095853,0,0.19280202266886165
5853,1095854,0,0.2832144827145517
5854,1095855,0,0.36949555741853696
5855,1095856,0,0.24286929578709224
5856,1095857,0,0.20055729173822567
5857,1095858,0,0.3047316708861581
5858,1095859,0,0.1407699321486204
5859,1095860,1,0.747948991647385
5860,1095861,0,0.39949688833052516
5861,1095862,0,0.26768571380078865
5862,1095863,0,0.3835448020780534
5863,1095864,0,0.25733941124393084
5864,1095865,0,0.36952556683253374
5865,1095866,0,0.16767885615588335
5866,1095867,0,0.24165850635954494
5867,1095868,0,0.3122396137016365
5868,1095869,1,0.5326643058774438
5869,1095870,0,0.416410791109628
5870,1095871,0,0.28621821553048055
5871,1095872,0,0.23734378551358928
5872,1095873,1,0.6382216767948456
5873,1095874,0,0.2770195420645938
5874,1095875,0,0.2629572121253877
5875,1095876,0,0.28932591025913246
5876,1095877,0,0.35312504232464614
5877,1095878,0,0.25171301634745535
5878,1095879,0,0.4042677126956855
5879,1095880,0,0.23526622655434457
5880,1095881,0,0.2998887368515859
5881,1095882,0,0.2508308544226718
5882,1095883,0,0.306657537445841
5883,1095884,0,0.27865091381074975
5884,1095885,0,0.37067604780388025
5885,1095886,0,0.19428876269486997
5886,1095887,0,0.1823207099685095
5887,1095888,0,0.3056086595012876
5888,1095889,0,0.14701153665289113
5889,1095890,0,0.37277964189990365
5890,1095891,0,0.2398117679329125
5891,1095892,0,0.22218313961405647
5892,1095893,0,0.28660884993742625
5893,1095894,0,0.39278410965919813
5894,1095895,0,0.23224573728327264
5895,1095896,0,0.16455290077807078
5896,1095897,0,0.25914566602557887
5897,1095898,0,0.38945216632531415
5898,1095899,0,0.47310679000849065
5899,1095900,0,0.2930564014514168
5900,1095901,0,0.2724316469580794
5901,1095902,0,0.3227434390318515
5902,1095903,0,0.4733427639490926
5903,1095904,0,0.26162831812504156
5904,1095905,0,0.17799250588989385
5905,1095906,0,0.42573461625146886
5906,1095907,0,0.3940608624735154
5907,1095908,1,0.5477323830783185
5908,1095909,0,0.3303088017622508
5909,1095910,0,0.3180533353753273
5910,1095911,0,0.4502931694737829
5911,1095912,0,0.1333842192154497
5912,1095913,0,0.1659724286656749
5913,1095914,0,0.24186288509627452
5914,1095915,0,0.23867697523033873
5915,1095916,0,0.39981373987608093
5916,1095917,0,0.2612339815017838
5917,1095918,1,0.5643114823980971
5918,1095919,0,0.26029865395671964
5919,1095920,0,0.2563382558374149
5920,1095921,0,0.17779806003423507
5921,1095922,0,0.4632528526808507
5922,1095923,0,0.15297984822399238
5923,1095924,0,0.16382612085711298
5924,1095925,0,0.2624611415109854
5925,1095926,0,0.37414604418415126
5926,1095927,0,0.26505914505761885
5927,1095928,0,0.38018849627055645
5928,1095929,0,0.23828058722893758
5929,1095930,0,0.18241332740112
5930,1095931,0,0.27230717584549996
5931,1095932,0,0.39682477599147453
5932,1095933,0,0.22473879683678433
5933,1095934,0,0.22451309420559376
5934,1095935,0,0.29029963008594417
5935,1095936,0,0.24804755823153618
5936,1095937,0,0.3690770882327275
5937,1095938,0,0.3620096869055487
5938,1095939,0,0.4281717922072843
5939,1095940,1,0.5294714683997264
5940,1095941,0,0.3960147197495811
5941,1095942,0,0.4558293680590805
5942,1095943,0,0.143145698214142
5943,1095944,0,0.3815654564101289
5944,1095945,0,0.29692472765325095
5945,1095946,0,0.17219292898425823
5946,1095947,0,0.22213269925153478
5947,1095948,0,0.24132283369341512
5948,1095949,0,0.43646411602568275
5949,1095950,0,0.3006975076442988
5950,1095951,1,0.6642607049869482
5951,1095952,0,0.19619630824852183
5952,1095953,0,0.2908021897212157
5953,1095954,0,0.24029691294747582
5954,1095955,0,0.23107719423190756
5955,1095956,0,0.2932616934801376
5956,1095957,0,0.2214181615890366
5957,1095958,0,0.3838311856893788
5958,1095959,0,0.3102851732838025
5959,1095960,0,0.38046668097667175
5960,1095961,0,0.2974803024681456
5961,1095962,0,0.3658915326871606
5962,1095963,1,0.527473912619447
5963,1095964,0,0.24511084427977536
5964,1095965,0,0.23874098421564208
5965,1095966,0,0.33035883888571443
5966,1095967,0,0.30885685470386415
5967,1095968,1,0.5353346615523413
5968,1095969,0,0.3567987268490554
5969,1095970,0,0.3106658800076571
5970,1095971,0,0.3322247441828496
5971,1095972,0,0.2678127083652335
5972,1095973,0,0.3681550563063779
5973,1095974,0,0.39973462070117355
5974,1095975,0,0.38198335494841384
5975,1095976,0,0.36879990105785493
5976,1095977,0,0.4054270182983804
5977,1095978,0,0.12330819737591173
5978,1095979,0,0.18239623397777546
5979,1095980,1,0.9525013918165668
5980,1095981,0,0.2369381132081073
5981,1095982,0,0.20138610882376148
5982,1095983,0,0.37676973761252
5983,1095984,0,0.16491150437478266
5984,1095985,1,0.7027538219172886
5985,1095986,0,0.2239984356989632
5986,1095987,0,0.32187265813363913
5987,1095988,0,0.3587439278775153
5988,1095989,0,0.3279093571064808
5989,1095990,0,0.3574918620264728
5990,1095991,0,0.2765907365886833
5991,1095992,0,0.30598928566737316
5992,1095993,0,0.31550258044868984
5993,1095994,0,0.4797179147484461
5994,1095995,0,0.28443191143645036
5995,1095996,0,0.20124173932629824
5996,1095997,0,0.3176125623140846
5997,1095998,0,0.4477297195744396
5998,1095999,0,0.24519149001271623
5999,1096000,0,0.25541706555372645
6000,1096001,1,0.9661796051169018
6001,1096002,0,0.18910609414162144
6002,1096003,0,0.3423587756433807
6003,1096004,0,0.3275674706816344
6004,1096005,0,0.29480247575306445
6005,1096006,0,0.29095722790866524
6006,1096007,0,0.416044591547577
6007,1096008,0,0.3644194864127714
6008,1096009,0,0.2986337303577462
6009,1096010,0,0.43430889808438283
6010,1096011,0,0.44844924694765015
6011,1096012,0,0.3705754608795473
6012,1096013,0,0.3117411647851936
6013,1096014,0,0.3561730698691401
6014,1096015,0,0.20682327002457954
6015,1096016,1,0.7146293277662024
6016,1096017,0,0.30535757539663977
6017,1096018,0,0.2603884323996043
6018,1096019,0,0.1933041571143835
6019,1096020,0,0.33704962512644543
6020,1096021,0,0.1874772392751304
6021,1096022,0,0.3132137272618985
6022,1096023,0,0.11540329204522089
6023,1096024,0,0.32415136998359456
6024,1096025,0,0.3444228343015286
6025,1096026,0,0.19670160549925442
6026,1096027,0,0.24904417150249464
6027,1096028,0,0.47415348366602655
6028,1096029,0,0.18327740748787366
6029,1096030,0,0.4188182432880012
6030,1096031,1,0.6975871335030795
6031,1096032,1,0.5181839821110836
6032,1096033,0,0.3525918997228442
6033,1096034,0,0.1873551950872967
6034,1096035,0,0.24465339647601328
6035,1096036,0,0.340267143906274
6036,1096037,0,0.4027713652726996
6037,1096038,0,0.23719371683244794
6038,1096039,0,0.24719941126042078
6039,1096040,0,0.2494692705643827
6040,1096041,0,0.2789953770059864
6041,1096042,0,0.12581607205336706
6042,1096043,1,0.5206198723773977
6043,1096044,0,0.2840006762618567
6044,1096045,0,0.31626948283955625
6045,1096046,0,0.39482683712523503
6046,1096047,0,0.42193716275414334
6047,1096048,0,0.300730889856071
6048,1096049,0,0.21246926832004415
6049,1096050,0,0.31790168333717034
6050,1096051,0,0.4827616743709409
6051,1096052,0,0.3840536978759372
6052,1096053,1,0.6766830403613618
6053,1096054,0,0.22522080173332062
6054,1096055,0,0.3989303800486362
6055,1096056,0,0.2701552831684754
6056,1096057,0,0.19997595877559982
6057,1096058,0,0.27471028735875186
6058,1096059,1,0.5190166218742817
6059,1096060,0,0.46132518704282194
6060,1096061,0,0.21146349351171556
6061,1096062,0,0.21953567925569767
6062,1096063,0,0.40870735700602623
6063,1096064,0,0.206218835876442
6064,1096065,0,0.18545964733834577
6065,1096066,0,0.47430788501529975
6066,1096067,0,0.32088067024615524
6067,1096068,0,0.2838600862042914
6068,1096069,0,0.4043513675463575
6069,1096070,0,0.3156624794367627
6070,1096071,0,0.23625313224628053
6071,1096072,0,0.3028419883142202
6072,1096073,0,0.26140083739240577
6073,1096074,0,0.09612233294949572
6074,1096075,0,0.4582487323507456
6075,1096076,0,0.2023269961268936
6076,1096077,0,0.2646713824391889
6077,1096078,1,0.5278297289934792
6078,1096079,0,0.24304994467338165
6079,1096080,0,0.20976154857680568
6080,1096081,0,0.32135238297424423
6081,1096082,0,0.25036674832899963
6082,1096083,0,0.2550708596188428
6083,1096084,0,0.4597949263636097
6084,1096085,0,0.16378538529738537
6085,1096086,1,0.5263925766924081
6086,1096087,0,0.3364670174224109
6087,1096088,0,0.26721109680513655
6088,1096089,0,0.3421111224343785
6089,1096090,0,0.3419048371729705
6090,1096091,0,0.16952113290224202
6091,1096092,0,0.2574428551512473
6092,1096093,0,0.3731155912244734
6093,1096094,0,0.4378214286314723
6094,1096095,0,0.38137577841069564
6095,1096096,0,0.2930230133907688
6096,1096097,0,0.3520277916249888
6097,1096098,0,0.2898055519880294
6098,1096099,0,0.3958414948734118
6099,1096100,0,0.21102916463461052
6100,1096101,1,0.5033838340769007
6101,1096102,0,0.12177108990901206
6102,1096103,0,0.3520753734121475
6103,1096104,0,0.18946847244163909
6104,1096105,0,0.46208223511943464
6105,1096106,0,0.3937233700758648
6106,1096107,0,0.3317676327001572
6107,1096108,0,0.41461867718747114
6108,1096109,0,0.2829556545955351
6109,1096110,0,0.18637117749516907
6110,1096111,0,0.23439536538754088
6111,1096112,0,0.29907264896666846
6112,1096113,0,0.278858104247019
6113,1096114,0,0.23735247911558038
6114,1096115,0,0.1737045029220988
6115,1096116,0,0.4503039341898053
6116,1096117,0,0.30119282810753245
6117,1096118,0,0.15519425815579332
6118,1096119,0,0.2340948725677446
6119,1096120,0,0.42118655447261294
6120,1096121,0,0.19400720170781693
6121,1096122,0,0.28360504333472514
6122,1096123,0,0.16820910602857683
6123,1096124,0,0.22057072698310876
6124,1096125,0,0.175795649762391
6125,1096126,1,0.5447744653046729
6126,1096127,0,0.342680708285498
6127,1096128,0,0.3523250833174441
6128,1096129,0,0.33351699749135
6129,1096130,0,0.3066539602045172
6130,1096131,0,0.16698756107903692
6131,1096132,1,0.5244951097803838
6132,1096133,0,0.21494123001656024
6133,1096134,0,0.46635075176634283
6134,1096135,0,0.23689579676906156
6135,1096136,0,0.42775658562015856
6136,1096137,0,0.26454411376063
6137,1096138,0,0.27554864616639696
6138,1096139,0,0.25786909743957126
6139,1096140,0,0.2921569053223736
6140,1096141,0,0.27695723122449595
6141,1096142,0,0.2275582670561345
6142,1096143,1,0.8835422043777805
6143,1096144,0,0.3126725592023602
6144,1096145,0,0.3094052369643579
6145,1096146,0,0.4120530908804417
6146,1096147,0,0.3110563505843631
6147,1096148,0,0.3480960824767829
6148,1096149,1,0.5645435406821028
6149,1096150,0,0.2519931723775038
6150,1096151,0,0.3357320701321048
6151,1096152,0,0.16300933597112446
6152,1096153,0,0.17898079817163473
6153,1096154,0,0.15805003367978082
6154,1096155,0,0.1763167288736409
6155,1096156,0,0.2670910020356964
6156,1096157,0,0.4192173599636873
6157,1096158,0,0.25195164258930947
6158,1096159,0,0.2960336877699438
6159,1096160,0,0.23744833534747276
6160,1096161,0,0.19465774220931378
6161,1096162,0,0.2745920361425503
6162,1096163,0,0.1398207082326094
6163,1096164,0,0.2673095056855046
6164,1096165,0,0.3023636919301185
6165,1096166,0,0.24207120675495478
6166,1096167,1,0.5363332133285204
6167,1096168,0,0.36533314918380394
6168,1096169,0,0.3072691041234118
6169,1096170,1,0.5422386910213189
6170,1096171,0,0.2843678873312677
6171,1096172,0,0.24435652119647044
6172,1096173,0,0.37985853262233643
6173,1096174,0,0.22539676582839274
6174,1096175,0,0.18744725130124876
6175,1096176,0,0.31104308951384385
6176,1096177,0,0.32727989088704473
6177,1096178,0,0.3507138752878534
6178,1096179,1,0.5249989537053774
6179,1096180,0,0.40808300474938974
6180,1096181,0,0.2620313647671921
6181,1096182,0,0.4937409370501706
6182,1096183,0,0.3279098509554224
6183,1096184,1,0.5526743056222085
6184,1096185,1,0.6296204785965623
6185,1096186,0,0.28952566125397583
6186,1096187,0,0.1956766583582973
6187,1096188,0,0.34167366953241296
6188,1096189,0,0.23111749079678603
6189,1096190,0,0.3384760291485431
6190,1096191,0,0.479617296566134
6191,1096192,0,0.3036475989064589
6192,1096193,0,0.2678448667278724
6193,1096194,0,0.19967239277965657
6194,1096195,0,0.23066120075113705
6195,1096196,0,0.367124986455282
6196,1096197,0,0.1569928587888359
6197,1096198,0,0.44289687329321903
6198,1096199,0,0.4200190368796696
6199,1096200,0,0.43480910010351626
6200,1096201,0,0.2656332281285839
6201,1096202,0,0.4270897428196478
6202,1096203,0,0.3635778346102959
6203,1096204,0,0.2830483889905931
6204,1096205,1,0.6065086017813088
6205,1096206,0,0.3156492651870453
6206,1096207,0,0.3808649896359735
6207,1096208,0,0.24246518721847052
6208,1096209,0,0.2254208812129602
6209,1096210,0,0.2872286784554793
6210,1096211,0,0.360018674071808
6211,1096212,0,0.2208799591877086
6212,1096213,0,0.25137812244730184
6213,1096214,0,0.22124412213122854
6214,1096215,0,0.1988116764591099
6215,1096216,0,0.391104190241193
6216,1096217,0,0.3461515397478097
6217,1096218,0,0.19505514542726224
6218,1096219,0,0.4432495674748937
6219,1096220,0,0.17052543343914564
6220,1096221,0,0.23576375353880474
6221,1096222,1,0.9568692711718055
6222,1096223,1,0.5867263558293734
6223,1096224,0,0.16447958251007128
6224,1096225,0,0.390930387199179
6225,1096226,0,0.17448250597986378
6226,1096227,0,0.17517830158480072
6227,1096228,0,0.37907318892184405
6228,1096229,0,0.4292520059169915
6229,1096230,0,0.3893808045306551
6230,1096231,0,0.3102664319984498
6231,1096232,0,0.3022841175954544
6232,1096233,0,0.37244361275973004
6233,1096234,0,0.13809914094952605
6234,1096235,0,0.29288862453839876
6235,1096236,0,0.1950891870141443
6236,1096237,0,0.16959366202265277
6237,1096238,0,0.4223073336271262
6238,1096239,0,0.28272311630736263
6239,1096240,0,0.19641263687606259
6240,1096241,0,0.2734243699853495
6241,1096242,0,0.265489475689389
6242,1096243,0,0.3166155719502251
6243,1096244,0,0.3677880919082633
6244,1096245,0,0.33056311840223207
6245,1096246,0,0.1519659615254518
6246,1096247,0,0.4203643942494526
6247,1096248,1,0.5777896321457853
6248,1096249,1,0.5302783333347869
6249,1096250,0,0.20559830115605526
6250,1096251,0,0.2595281555295741
6251,1096252,0,0.265781527884606
6252,1096253,0,0.3039211153325081
6253,1096254,0,0.41680064642812176
6254,1096255,0,0.3191631517639478
6255,1096256,0,0.17227770836642792
6256,1096257,1,0.6690756436761656
6257,1096258,1,0.6097524797608997
6258,1096259,0,0.3015547191503221
6259,1096260,0,0.4933837883231139
6260,1096261,0,0.19387822038484442
6261,1096262,0,0.4528597474404402
6262,1096263,0,0.15653521774998266
6263,1096264,0,0.4317453196511921
6264,1096265,1,0.7257148506339351
6265,1096266,0,0.3168868579657339
6266,1096267,0,0.22483923900650257
6267,1096268,0,0.2187521538587391
6268,1096269,1,0.5611898760707517
6269,1096270,0,0.17945297823338147
6270,1096271,0,0.34259954838451495
6271,1096272,0,0.4609661110156486
6272,1096273,0,0.44675739086856414
6273,1096274,0,0.17416196038794787
6274,1096275,0,0.17823567133666646
6275,1096276,0,0.201570134439966
6276,1096277,0,0.22367811432919013
6277,1096278,0,0.3853175293060907
6278,1096279,0,0.17033517295857953
6279,1096280,0,0.2537960409213726
6280,1096281,0,0.29576157347384274
6281,1096282,0,0.24990751663922509
6282,1096283,0,0.21544952880517532
6283,1096284,1,0.5031499749737295
6284,1096285,0,0.40517412447935325
6285,1096286,1,0.5030283590614284
6286,1096287,0,0.2100474272442896
6287,1096288,0,0.22320732285839892
6288,1096289,0,0.156041779274022
6289,1096290,0,0.38425793275513054
6290,1096291,0,0.20946453184035183
6291,1096292,0,0.20246951535044458
6292,1096293,0,0.2868656936036778
6293,1096294,0,0.2830275453489961
6294,1096295,0,0.4252262082178932
6295,1096296,0,0.2481221846617666
6296,1096297,0,0.26122987577277923
6297,1096298,0,0.21985067957868254
6298,1096299,0,0.4430178856056585
6299,1096300,0,0.26347228439731446
6300,1096301,0,0.15903262376888452
6301,1096302,0,0.4547583933001327
6302,1096303,1,0.5219785509615472
6303,1096304,1,0.5079785863708618
6304,1096305,0,0.20405563733228158
6305,1096306,0,0.4241430482071546
6306,1096307,1,0.6006483150854017
6307,1096308,0,0.2684417571886699
6308,1096309,0,0.2317252394270267
6309,1096310,0,0.1718767940165182
6310,1096311,0,0.2982301217130119
6311,1096312,0,0.4825780965557459
6312,1096313,1,0.8010580896838086
6313,1096314,0,0.22006631010066927
6314,1096315,0,0.25505713631806387
6315,1096316,0,0.19256464154968442
6316,1096317,1,0.5549289267876234
6317,1096318,0,0.2334057015053655
6318,1096319,0,0.28848389515617573
6319,1096320,0,0.3450090189462024
6320,1096321,0,0.21371697263424222
6321,1096322,1,0.5405310890335527
6322,1096323,0,0.3708964199072492
6323,1096324,0,0.22426690313594144
6324,1096325,0,0.28458350957209744
6325,1096326,0,0.2464740665596071
6326,1096327,0,0.2938673979042816
6327,1096328,0,0.3820282062361439
6328,1096329,1,0.5705866927822543
6329,1096330,0,0.3224923835353824
6330,1096331,0,0.31110672472787043
6331,1096332,0,0.4017036550790313
6332,1096333,0,0.23383998976287593
6333,1096334,0,0.27338194597423693
6334,1096335,0,0.28444831675589854
6335,1096336,0,0.1933743296177345
6336,1096337,0,0.30977373452299295
6337,1096338,0,0.414717138653114
6338,1096339,0,0.27362259758798796
6339,1096340,0,0.28622322075511175
6340,1096341,0,0.3048994395022837
6341,1096342,0,0.19129459996664241
6342,1096343,0,0.2784186770888421
6343,1096344,0,0.2247088476666737
6344,1096345,1,0.6398777883384658
6345,1096346,0,0.335269411499716
6346,1096347,0,0.28395393576279215
6347,1096348,0,0.1551033728515928
6348,1096349,0,0.4194226984075192
6349,1096350,0,0.21228360730655876
6350,1096351,0,0.35278853990039144
6351,1096352,0,0.3196202479186959
6352,1096353,0,0.13654830628625522
6353,1096354,0,0.20526683449556513
6354,1096355,0,0.32641904277090666
6355,1096356,1,0.6335433279944327
6356,1096357,0,0.20107220170947915
6357,1096358,0,0.2657000074535082
6358,1096359,0,0.2501725272485615
6359,1096360,0,0.2279838810268036
6360,1096361,0,0.37793124983007265
6361,1096362,0,0.14010646691514658
6362,1096363,0,0.49155766593335337
6363,1096364,0,0.18375805499886463
6364,1096365,0,0.4348337784280495
6365,1096366,0,0.18405417063189516
6366,1096367,0,0.15683135601151973
6367,1096368,0,0.47164045373124774
6368,1096369,0,0.40938741305120696
6369,1096370,0,0.24893279842741964
6370,1096371,0,0.1851567236648227
6371,1096372,0,0.350854453736204
6372,1096373,0,0.4691201771505159
6373,1096374,0,0.12700499749552266
6374,1096375,0,0.15759291674482215
6375,1096376,0,0.4274857822926385
6376,1096377,0,0.21554880837193402
6377,1096378,0,0.12809612538153398
6378,1096379,0,0.29422375278617907
6379,1096380,0,0.2973562603695393
6380,1096381,0,0.22719011411066248
6381,1096382,0,0.39531467751359417
6382,1096383,1,0.5068147220234558
6383,1096384,0,0.21884591559290664
6384,1096385,0,0.30424673208639197
6385,1096386,0,0.16694033506545572
6386,1096387,0,0.2750872788279656
6387,1096388,0,0.1761271832421568
6388,1096389,1,0.6951075655482117
6389,1096390,0,0.3360835519743202
6390,1096391,0,0.2095807133099546
6391,1096392,0,0.17423699531257855
6392,1096393,0,0.3770043761877184
6393,1096394,0,0.23093762308060298
6394,1096395,0,0.35807474722582155
6395,1096396,0,0.332409142285946
6396,1096397,0,0.2439480281488033
6397,1096398,0,0.22834783097288927
6398,1096399,0,0.2560129902073529
6399,1096400,0,0.36147222302113546
6400,1096401,0,0.3424610194147413
6401,1096402,0,0.25753753576093324
6402,1096403,0,0.3253492344799576
6403,1096404,0,0.38051021705058985
6404,1096405,0,0.26585196207556316
6405,1096406,0,0.25003194585828714
6406,1096407,0,0.22357543203884936
6407,1096408,0,0.2706260652071105
6408,1096409,0,0.2521425879099187
6409,1096410,0,0.19992551051518345
6410,1096411,0,0.21723101574377068
6411,1096412,0,0.48660906730674525
6412,1096413,0,0.29455830635215313
6413,1096414,0,0.35539117824545546
6414,1096415,1,0.578026049026822
6415,1096416,0,0.23926813666011731
6416,1096417,0,0.44787304486022167
6417,1096418,0,0.3450044593791558
6418,1096419,0,0.18562422320711708
6419,1096420,0,0.3884055035217171
6420,1096421,0,0.3702919852147386
6421,1096422,0,0.3442800274884266
6422,1096423,0,0.27369746805911743
6423,1096424,0,0.2634429608912148
6424,1096425,0,0.4623351847248876
6425,1096426,0,0.2434646079260596
6426,1096427,0,0.4951966397059412
6427,1096428,0,0.49049170808152687
6428,1096429,0,0.2032800554112703
6429,1096430,0,0.11167970219566288
6430,1096431,0,0.2936274946332092
6431,1096432,0,0.3666283003520102
6432,1096433,0,0.2439203567278134
6433,1096434,0,0.21460831310686404
6434,1096435,0,0.45466702882078974
6435,1096436,0,0.4560260853058571
6436,1096437,0,0.3770781987880479
6437,1096438,0,0.25533894116594813
6438,1096439,0,0.2206315742760764
6439,1096440,0,0.3684517981541605
6440,1096441,0,0.22147785215068289
6441,1096442,0,0.24967801074311058
6442,1096443,0,0.258718945466401
6443,1096444,0,0.1841930528202852
6444,1096445,0,0.42780565451199304
6445,1096446,0,0.41801191741875976
6446,1096447,0,0.16688595077927645
6447,1096448,0,0.09803401746012609
6448,1096449,0,0.17926657517052194
6449,1096450,1,0.7206401254101893
6450,1096451,1,0.5322537385409453
6451,1096452,0,0.2827871385820224
6452,1096453,1,0.771771029144462
6453,1096454,0,0.20993144976840528
6454,1096455,0,0.4181696793439226
6455,1096456,0,0.2747912635047712
6456,1096457,0,0.417083546469336
6457,1096458,0,0.263590528754992
6458,1096459,0,0.2666596124984689
6459,1096460,0,0.15229267286899117
6460,1096461,0,0.1623442399184386
6461,1096462,0,0.1632406581705124
6462,1096463,0,0.44383700094818734
6463,1096464,0,0.2282136502507213
6464,1096465,0,0.36151438278292924
6465,1096466,0,0.2596211053538069
6466,1096467,0,0.22989344335641324
6467,1096468,0,0.2966962085153491
6468,1096469,0,0.35284617681031777
6469,1096470,0,0.25434197320138496
6470,1096471,0,0.2752604903494434
6471,1096472,0,0.27084293059636105
6472,1096473,0,0.17584371282668362
6473,1096474,0,0.18531551920856393
6474,1096475,0,0.3300485974769288
6475,1096476,0,0.34766482691869055
6476,1096477,0,0.2100531689002849
6477,1096478,0,0.1810137286582693
6478,1096479,0,0.4249026838790332
6479,1096480,0,0.20765221213104626
6480,1096481,1,0.5548344634969612
6481,1096482,1,0.5130173533985596
6482,1096483,0,0.4207319299884867
6483,1096484,0,0.182447747037126
6484,1096485,0,0.4068608088121663
6485,1096486,0,0.40371707352677344
6486,1096487,0,0.2573014270806386
6487,1096488,0,0.45317642977177003
6488,1096489,0,0.4855189621399655
6489,1096490,0,0.23604672973986715
6490,1096491,1,0.6621648888601523
6491,1096492,1,0.500478886628805
6492,1096493,0,0.24910297172402315
6493,1096494,0,0.38319137697071165
6494,1096495,0,0.30192583871175044
6495,1096496,0,0.2881047520047812
6496,1096497,0,0.24500686697429372
6497,1096498,1,0.5563570568509919
6498,1096499,0,0.1661001834021846
6499,1096500,1,0.6584588588248219
6500,1096501,0,0.3076534281490226
6501,1096502,0,0.22289632746641846
6502,1096503,0,0.19965613044439082
6503,1096504,0,0.35223371565559697
6504,1096505,0,0.40829492681170243
6505,1096506,0,0.16251157243014683
6506,1096507,0,0.19136441425739456
6507,1096508,0,0.2873979079678517
6508,1096509,0,0.35502061385723493
6509,1096510,0,0.2082738728077012
6510,1096511,0,0.4024059396162628
6511,1096512,0,0.3358052865586404
6512,1096513,0,0.22508328725593324
6513,1096514,0,0.1998452555477782
6514,1096515,0,0.3541693151476691
6515,1096516,1,0.5990759029121983
6516,1096517,0,0.2542320007488919
6517,1096518,0,0.4751214878336414
6518,1096519,0,0.29794720893516596
6519,1096520,0,0.2617380717590965
6520,1096521,0,0.3336823167117682
6521,1096522,0,0.28646393765240236
6522,1096523,0,0.19098603392405014
6523,1096524,0,0.386258010333299
6524,1096525,0,0.2445568560832164
6525,1096526,0,0.2844188211770231
6526,1096527,0,0.30212843003694284
6527,1096528,1,0.6078104094177694
6528,1096529,0,0.2609488081006072
6529,1096530,0,0.33341763664939367
6530,1096531,1,0.7276719735355577
6531,1096532,0,0.43215662290240087
6532,1096533,0,0.1890008299481296
6533,1096534,0,0.25921836846539803
6534,1096535,0,0.3064263805265077
6535,1096536,0,0.3057083414829536
6536,1096537,0,0.2276730202964516
6537,1096538,0,0.4592010181216797
6538,1096539,0,0.2843906171836096
6539,1096540,0,0.2255287126051362
6540,1096541,0,0.2395857080828019
6541,1096542,0,0.3839005096832233
6542,1096543,0,0.46952391876552646
6543,1096544,0,0.24833751499962956
6544,1096545,0,0.28677537286885135
6545,1096546,0,0.416041404546802
6546,1096547,0,0.3311185181260906
6547,1096548,0,0.24973945512545975
6548,1096549,0,0.22365204422555832
6549,1096550,0,0.3909888751418293
6550,1096551,0,0.3626599395395565
6551,1096552,0,0.29830985711069863
6552,1096553,0,0.4172139909404571
6553,1096554,0,0.2460164059038435
6554,1096555,0,0.2623189816723124
6555,1096556,0,0.09221097272180438
6556,1096557,0,0.20719179006866822
6557,1096558,0,0.38308336378615176
6558,1096559,1,0.706416422126183
6559,1096560,0,0.1440315251212344
6560,1096561,0,0.2315874564874855
6561,1096562,0,0.33884537243309143
6562,1096563,0,0.23322959859887646
6563,1096564,0,0.15065433965573197
6564,1096565,0,0.3334068129678482
6565,1096566,0,0.27546620723746973
6566,1096567,0,0.48212487558309536
6567,1096568,0,0.40517327006014725
6568,1096569,0,0.2897940525059125
6569,1096570,0,0.26637388586534955
6570,1096571,0,0.40282628465980275
6571,1096572,0,0.26326742679277415
6572,1096573,0,0.36619011706771354
6573,1096574,0,0.33031981904027635
6574,1096575,0,0.3670474432184341
6575,1096576,0,0.2421712483346743
6576,1096577,0,0.2006547787167872
6577,1096578,0,0.38353476291290234
6578,1096579,0,0.36389143966111537
6579,1096580,0,0.30056375820740966
6580,1096581,0,0.2579268215959506
6581,1096582,0,0.26586086464139436
6582,1096583,1,0.5043097856279208
6583,1096584,0,0.3239697575277592
6584,1096585,0,0.1944574319490216
6585,1096586,0,0.3609310652759053
6586,1096587,0,0.3350724608989743
6587,1096588,0,0.2558215847392162
6588,1096589,0,0.4309500495776343
6589,1096590,0,0.4214440835101349
6590,1096591,0,0.2874381601109364
6591,1096592,0,0.42289040447143517
6592,1096593,0,0.37305795047261153
6593,1096594,0,0.21136158641035813
6594,1096595,1,0.531987524365587
6595,1096596,0,0.2263669565968112
6596,1096597,0,0.3639168031150493
6597,1096598,0,0.2367034026801378
6598,1096599,0,0.36955724160843495
6599,1096600,0,0.22447312948702008
6600,1096601,0,0.4000318951847489
6601,1096602,1,0.5312360411059305
6602,1096603,1,0.6809056034138001
6603,1096604,0,0.22758021753862867
6604,1096605,0,0.3161404178285298
6605,1096606,0,0.292503319258965
6606,1096607,0,0.17881402134218258
6607,1096608,1,0.5143925118440444
6608,1096609,0,0.1345302693809076
6609,1096610,0,0.4644020770510875
6610,1096611,0,0.2875680786480758
6611,1096612,0,0.30925261206171356
6612,1096613,0,0.30388774693391285
6613,1096614,0,0.22240133963868522
6614,1096615,0,0.18475080606543884
6615,1096616,0,0.42800998098785253
6616,1096617,1,0.6215598720582024
6617,1096618,0,0.17701463355972852
6618,1096619,0,0.240178170601734
6619,1096620,0,0.2635817825603671
6620,1096621,0,0.14453198332933767
6621,1096622,0,0.3236724705621121
6622,1096623,0,0.27186912026676346
6623,1096624,0,0.30906859719794566
6624,1096625,0,0.4184489752728171
6625,1096626,0,0.21330377664823358
6626,1096627,0,0.3254935843861019
6627,1096628,0,0.2508751690767363
6628,1096629,0,0.21688224493673589
6629,1096630,0,0.3952778567967826
6630,1096631,0,0.3445843938320276
6631,1096632,1,0.5091910458291903
6632,1096633,0,0.19410832483714055
6633,1096634,0,0.3374440807809111
6634,1096635,0,0.23055838821047447
6635,1096636,0,0.2289223631941727
6636,1096637,0,0.2545254485879297
6637,1096638,0,0.2204029284406716
6638,1096639,0,0.33363722872556517
6639,1096640,0,0.2435457418580353
6640,1096641,0,0.22701535960931188
6641,1096642,0,0.32657924739218
6642,1096643,1,0.5356014302219196
6643,1096644,0,0.29822752055826224
6644,1096645,0,0.489338596519921
6645,1096646,0,0.19342300666927234
6646,1096647,0,0.3142142303394872
6647,1096648,1,0.5384401483133668
6648,1096649,0,0.2656257257740941
6649,1096650,1,0.5035987720120572
6650,1096651,0,0.18157009915191305
6651,1096652,0,0.22288525195688103
6652,1096653,0,0.251817754189847
6653,1096654,0,0.37549933121076906
6654,1096655,0,0.32914208744716233
6655,1096656,0,0.46033470717093533
6656,1096657,0,0.33880735338879797
6657,1096658,0,0.3195409263416312
6658,1096659,0,0.24717674229630843
6659,1096660,0,0.42983477310723145
6660,1096661,0,0.2894041236452962
6661,1096662,0,0.25293029533155637
6662,1096663,0,0.2742309467052447
6663,1096664,0,0.1926562102456342
6664,1096665,0,0.3197804486722869
6665,1096666,0,0.42730140268976036
6666,1096667,0,0.28083346732336173
6667,1096668,0,0.3960856956721009
6668,1096669,0,0.39305481193828484
6669,1096670,0,0.4238662392094491
6670,1096671,0,0.30527618947168883
6671,1096672,0,0.3247512780483066
6672,1096673,0,0.27036231150029866
6673,1096674,0,0.15500608180898914
6674,1096675,0,0.3179008076803682
6675,1096676,0,0.37898363225440945
6676,1096677,0,0.35934265140988053
6677,1096678,0,0.2359133235824479
6678,1096679,0,0.11050330411931507
6679,1096680,0,0.2635515179417245
6680,1096681,0,0.1261094791564663
6681,1096682,0,0.2505031324408666
6682,1096683,0,0.31128866622438367
6683,1096684,0,0.3200990234035048
6684,1096685,0,0.32156771588444016
6685,1096686,0,0.24512268554703673
6686,1096687,0,0.35411756649052545
6687,1096688,0,0.4814384855445154
6688,1096689,0,0.44227324181777744
6689,1096690,0,0.45708782415841426
6690,1096691,0,0.21272430810754384
6691,1096692,0,0.3219829605642975
6692,1096693,0,0.3688548006096886
6693,1096694,0,0.37651576481941906
6694,1096695,0,0.38843809613265295
6695,1096696,0,0.15734415022025708
6696,1096697,0,0.3945936969035498
6697,1096698,0,0.29994411018129774
6698,1096699,0,0.21722570462760804
6699,1096700,1,0.5266034573960398
6700,1096701,0,0.27177566822745
6701,1096702,0,0.3834949577758199
6702,1096703,0,0.25364734751817447
6703,1096704,0,0.10910257443671442
6704,1096705,0,0.24258915377010518
6705,1096706,0,0.28799488287539404
6706,1096707,0,0.2703218922770016
6707,1096708,0,0.46229817086487
6708,1096709,0,0.24433788064840603
6709,1096710,0,0.3564653866255316
6710,1096711,0,0.3929755314601168
6711,1096712,0,0.39756634326112195
6712,1096713,0,0.30922643483526924
6713,1096714,0,0.3556732449280851
6714,1096715,0,0.2735033633135612
6715,1096716,0,0.16827416550442167
6716,1096717,0,0.3340971889021099
6717,1096718,0,0.3448118076298168
6718,1096719,0,0.2829297987118078
6719,1096720,0,0.26374437679060025
6720,1096721,0,0.2177959311129399
6721,1096722,0,0.267184992570759
6722,1096723,1,0.9578236512041526
6723,1096724,0,0.29094638817826607
6724,1096725,0,0.21377957687625063
6725,1096726,0,0.424544263268802
6726,1096727,0,0.2998292086724525
6727,1096728,0,0.228079253168537
6728,1096729,1,0.9225697902479394
6729,1096730,0,0.32879254578015116
6730,1096731,0,0.22158677351762265
6731,1096732,0,0.1899264146565163
6732,1096733,0,0.3952894277046129
6733,1096734,0,0.4029574190596941
6734,1096735,1,0.5116171825932736
6735,1096736,0,0.40197915102346415
6736,1096737,1,0.6445375846729836
6737,1096738,0,0.1924658250031777
6738,1096739,0,0.4257787721709964
6739,1096740,1,0.7666901069609301
6740,1096741,0,0.1193273183382851
6741,1096742,0,0.3222514741111349
6742,1096743,0,0.29177607937367045
6743,1096744,0,0.3608638788700221
6744,1096745,0,0.36658242260031254
6745,1096746,0,0.361492061629752
6746,1096747,0,0.2453970760497258
6747,1096748,0,0.3985655937413061
6748,1096749,0,0.3330058854998923
6749,1096750,0,0.43421696277704475
6750,1096751,0,0.22733884782599822
6751,1096752,0,0.2657768677931094
6752,1096753,0,0.29059767521774277
6753,1096754,1,0.5448414444069567
6754,1096755,0,0.4353721364122752
6755,1096756,0,0.3032729168575015
6756,1096757,0,0.36939720650187696
6757,1096758,0,0.40166958949738685
6758,1096759,0,0.4599274127706153
6759,1096760,0,0.37093687243715867
6760,1096761,0,0.2990175765350313
6761,1096762,0,0.42042945241051227
6762,1096763,0,0.2342157374346002
6763,1096764,0,0.33520988920981654
6764,1096765,0,0.31093220210325284
6765,1096766,0,0.2184470873142232
6766,1096767,0,0.45995596931407634
6767,1096768,0,0.4748359367755705
6768,1096769,0,0.13307731055544905
6769,1096770,1,0.5864999992664958
6770,1096771,0,0.169417244774711
6771,1096772,0,0.1798289080144653
6772,1096773,0,0.14020944818865524
6773,1096774,1,0.573191686714383
6774,1096775,0,0.4092069456019529
6775,1096776,0,0.2743250043253257
6776,1096777,1,0.5651706189297537
6777,1096778,0,0.42480642591424855
6778,1096779,0,0.24829304262489774
6779,1096780,0,0.2004648809518083
6780,1096781,1,0.8756414165937523
6781,1096782,0,0.2823665307213223
6782,1096783,0,0.33926164234024514
6783,1096784,1,0.5050952989962747
6784,1096785,0,0.2873169658058618
6785,1096786,0,0.1671860409902998
6786,1096787,0,0.22543681225924608
6787,1096788,0,0.38072707019793717
6788,1096789,0,0.2020822561792012
6789,1096790,0,0.3978368366501915
6790,1096791,0,0.43997128618943465
6791,1096792,0,0.20563345067978736
6792,1096793,0,0.2471060225803945
6793,1096794,0,0.3301273106899984
6794,1096795,0,0.38168450142884236
6795,1096796,0,0.3795391382593131
6796,1096797,0,0.2435966924788173
6797,1096798,0,0.1506374350138749
6798,1096799,0,0.48139769633804924
6799,1096800,0,0.34388531971447245
6800,1096801,0,0.27958004793201224
6801,1096802,0,0.32083366885337794
6802,1096803,0,0.2960284427440048
6803,1096804,0,0.24094813638951082
6804,1096805,0,0.42461246119352325
6805,1096806,0,0.22892557199927951
6806,1096807,0,0.19944290783597446
6807,1096808,0,0.2858865849510959
6808,1096809,0,0.2277035321681353
6809,1096810,0,0.27608915722371236
6810,1096811,0,0.19669420204887608
6811,1096812,1,0.7360329054773893
6812,1096813,0,0.4120674480189656
6813,1096814,0,0.2528824229593974
6814,1096815,0,0.48785319280623796
6815,1096816,1,0.5222569454307354
6816,1096817,1,0.5069701918467306
6817,1096818,0,0.43974640728634595
6818,1096819,0,0.29119950606107503
6819,1096820,1,0.5672354056877923
6820,1096821,0,0.2555276332964487
6821,1096822,0,0.3486199376867143
6822,1096823,0,0.26599110391395453
6823,1096824,0,0.33464862105377874
6824,1096825,0,0.24744792559327183
6825,1096826,0,0.3030624185834485
6826,1096827,1,0.5063776136717696
6827,1096828,1,0.6281139057353672
6828,1096829,0,0.2629704440653722
6829,1096830,0,0.3060276543901579
6830,1096831,0,0.3816430737573259
6831,1096832,0,0.21071109463819435
6832,1096833,0,0.3341641474731704
6833,1096834,0,0.25025130966530734
6834,1096835,0,0.2059148307486092
6835,1096836,0,0.28371121386237635
6836,1096837,0,0.3396979992396617
6837,1096838,0,0.2983995789957881
6838,1096839,0,0.38191586712754
6839,1096840,0,0.2094140139697721
6840,1096841,0,0.2776366002310234
6841,1096842,0,0.3524279373592477
6842,1096843,0,0.3529236153977048
6843,1096844,0,0.21770586851082327
6844,1096845,0,0.2614406595465438
6845,1096846,0,0.3724885867740217
6846,1096847,0,0.31940322978661234
6847,1096848,1,0.7128956332067337
6848,1096849,0,0.2649694712985482
6849,1096850,0,0.3163155842218907
6850,1096851,0,0.22849948161646189
6851,1096852,0,0.3350084831105263
6852,1096853,0,0.41970987499793705
6853,1096854,0,0.4297111857713069
6854,1096855,0,0.12973977082749133
6855,1096856,0,0.3894497381583271
6856,1096857,0,0.3707444121920457
6857,1096858,0,0.30483959874085265
6858,1096859,0,0.3914906325900365
6859,1096860,0,0.3545088429514614
6860,1096861,1,0.5312258402231759
6861,1096862,0,0.3738427371354594
6862,1096863,0,0.2252107565415454
6863,1096864,0,0.3503815475694181
6864,1096865,0,0.46157980403523463
6865,1096866,0,0.28078103621689576
6866,1096867,0,0.33886028416778746
6867,1096868,0,0.1982845073940079
6868,1096869,0,0.1530965397170012
6869,1096870,0,0.18143463238950241
6870,1096871,0,0.31259252073252375
6871,1096872,0,0.3856339023923093
6872,1096873,0,0.17734552904979617
6873,1096874,0,0.169559157054126
6874,1096875,0,0.22209885227892132
6875,1096876,0,0.24831202023455734
6876,1096877,0,0.23929425344595714
6877,1096878,0,0.2436895428646957
6878,1096879,0,0.3490563504049003
6879,1096880,0,0.23422434134879827
6880,1096881,0,0.18953856329905636
6881,1096882,0,0.25745599348228676
6882,1096883,0,0.2811331381484094
6883,1096884,0,0.17782189270007429
6884,1096885,0,0.2006622591705273
6885,1096886,0,0.24853510823737499
6886,1096887,1,0.7839317766639087
6887,1096888,0,0.2024842284688114
6888,1096889,0,0.4243856155507703
6889,1096890,0,0.26825091030298187
6890,1096891,0,0.37218479682838773
6891,1096892,1,0.5161113705270144
6892,1096893,0,0.23686804293235503
6893,1096894,0,0.2700902850917364
6894,1096895,0,0.2959213498996399
6895,1096896,0,0.1965816065223173
6896,1096897,0,0.24651839100285616
6897,1096898,0,0.36809870177921705
6898,1096899,0,0.4031185817051162
6899,1096900,1,0.5202103629448909
6900,1096901,0,0.2959050934203994
6901,1096902,1,0.6319091637398901
6902,1096903,0,0.17069917481137095
6903,1096904,0,0.21485752527452728
6904,1096905,0,0.3246558362457389
6905,1096906,0,0.2690827996000235
6906,1096907,0,0.4277427353116515
6907,1096908,0,0.25976613500115137
6908,1096909,0,0.31838968107205556
6909,1096910,0,0.3296551571218864
6910,1096911,1,0.6518633185044577
6911,1096912,0,0.48987701529728184
6912,1096913,0,0.206919565685935
6913,1096914,0,0.1283689427917358
6914,1096915,0,0.40703743315498714
6915,1096916,0,0.16011115841162107
6916,1096917,0,0.4412731261639542
6917,1096918,0,0.36310865339479004
6918,1096919,0,0.20255526625241468
6919,1096920,0,0.17216969086874853
6920,1096921,0,0.4305399486009705
6921,1096922,0,0.4435888520679268
6922,1096923,0,0.30656271648803257
6923,1096924,0,0.19584391122099706
6924,1096925,0,0.2636894913105266
6925,1096926,0,0.23359490444013215
6926,1096927,0,0.20771205454357158
6927,1096928,0,0.44788675275004247
6928,1096929,0,0.3587446397603622
6929,1096930,1,0.5454549281884294
6930,1096931,0,0.32962740662886136
6931,1096932,0,0.33559806557813404
6932,1096933,0,0.2843784179775419
6933,1096934,0,0.496807631812639
6934,1096935,0,0.31577865656702037
6935,1096936,0,0.3267026367570012
6936,1096937,0,0.19550007849343937
6937,1096938,0,0.26985859180198696
6938,1096939,0,0.2278232069925138
6939,1096940,1,0.5874226981179994
6940,1096941,0,0.26600584322941473
6941,1096942,0,0.30225531240393466
6942,1096943,0,0.2250900570662315
6943,1096944,0,0.2901739766951171
6944,1096945,0,0.2615942256600244
6945,1096946,0,0.28484038260406014
6946,1096947,0,0.2788383507046065
6947,1096948,0,0.47214487080540346
6948,1096949,0,0.3475388234562834
6949,1096950,0,0.25816386646252437
6950,1096951,0,0.18813129822348884
6951,1096952,0,0.24846075630639222
6952,1096953,0,0.4210964696206747
6953,1096954,0,0.2896112309389245
6954,1096955,0,0.25945406301143875
6955,1096956,0,0.4352337382625867
6956,1096957,0,0.2673300276484863
6957,1096958,0,0.3855078397926705
6958,1096959,0,0.193566925379895
6959,1096960,0,0.390066496365215
6960,1096961,0,0.30006878485503363
6961,1096962,0,0.47235612623114787
6962,1096963,0,0.4303464494398215
6963,1096964,0,0.2371866984254272
6964,1096965,0,0.4941679588256081
6965,1096966,1,0.7137940080998922
6966,1096967,0,0.39006574731868726
6967,1096968,0,0.3953498690327691
6968,1096969,1,0.5150722094427915
6969,1096970,0,0.3923307612623654
6970,1096971,0,0.263311787115955
6971,1096972,0,0.31074157025143156
6972,1096973,0,0.24094945367609458
6973,1096974,0,0.42225402272497914
6974,1096975,0,0.3070825149130107
6975,1096976,0,0.27418842576733476
6976,1096977,0,0.27913265605336424
6977,1096978,0,0.3931827798229101
6978,1096979,0,0.28656011501534473
6979,1096980,0,0.2587465100363086
6980,1096981,0,0.48532114413905847
6981,1096982,0,0.4195926341104603
6982,1096983,0,0.405571109283641
6983,1096984,0,0.2545210244108948
6984,1096985,0,0.35254360317591754
6985,1096986,0,0.26140500489492324
6986,1096987,0,0.23073356352653596
6987,1096988,0,0.472687262802449
6988,1096989,0,0.13282919106280913
6989,1096990,0,0.3429978166347528
6990,1096991,0,0.39566300961718837
6991,1096992,0,0.4705772760957395
6992,1096993,0,0.41779531159713396
6993,1096994,0,0.25491103894888767
6994,1096995,0,0.42453899617643354
6995,1096996,0,0.34202196395237194
6996,1096997,0,0.2718959046430048
6997,1096998,0,0.2059069952478854
6998,1096999,0,0.41258434796922777
6999,1097000,0,0.17095866544232208
7000,1097001,1,0.8432730855375322
7001,1097002,0,0.23517761597234246
7002,1097003,0,0.4248862202681943
7003,1097004,0,0.24620939539273323
7004,1097005,0,0.4104881181466675
7005,1097006,0,0.44508022055828683
7006,1097007,0,0.49269909790651245
7007,1097008,1,0.681343372450557
7008,1097009,0,0.21001373516372004
7009,1097010,0,0.20449742534927862
7010,1097011,0,0.21783041872800732
7011,1097012,0,0.3714379975646964
7012,1097013,0,0.4383663890459457
7013,1097014,1,0.5669012457930152
7014,1097015,0,0.21710456999710442
7015,1097016,1,0.5134281043007872
7016,1097017,1,0.5190275900635739
7017,1097018,0,0.3491451681027028
7018,1097019,0,0.268087392585595
7019,1097020,0,0.3507575480248133
7020,1097021,0,0.3738186903767905
7021,1097022,0,0.2924772858292035
7022,1097023,1,0.6138061890780849
7023,1097024,0,0.33570292967285503
7024,1097025,0,0.23147026462728537
7025,1097026,0,0.18499955135392762
7026,1097027,0,0.3788143223979394
7027,1097028,0,0.46792592732655747
7028,1097029,0,0.3599532494870079
7029,1097030,0,0.35548462794988617
7030,1097031,0,0.2320793664837104
7031,1097032,0,0.22203915253973502
7032,1097033,1,0.5599835182135102
7033,1097034,0,0.37075399173525525
7034,1097035,0,0.48015503985188884
7035,1097036,0,0.2982213019526689
7036,1097037,0,0.2579785915202856
7037,1097038,0,0.28959277080044377
7038,1097039,0,0.27874282589287386
7039,1097040,0,0.26137754705366045
7040,1097041,0,0.316997932694603
7041,1097042,0,0.1984470131888601
7042,1097043,0,0.4424683526121842
7043,1097044,0,0.4220175019313497
7044,1097045,0,0.19133335171720944
7045,1097046,0,0.39403568700857744
7046,1097047,0,0.25779434556815845
7047,1097048,0,0.35921261033773166
7048,1097049,0,0.3212928587878867
7049,1097050,0,0.34537310770315666
7050,1097051,0,0.35917759172994224
7051,1097052,0,0.22290436916058656
7052,1097053,0,0.2093185484652232
7053,1097054,0,0.2700694750869559
7054,1097055,0,0.2287769789675599
7055,1097056,0,0.27929361798834423
7056,1097057,0,0.18831513333089386
7057,1097058,0,0.411319687361743
7058,1097059,0,0.2662299740269579
7059,1097060,0,0.3535866027366986
7060,1097061,1,0.515177717201482
7061,1097062,0,0.3522260171756089
7062,1097063,0,0.42114096763905795
7063,1097064,0,0.3116556083030937
7064,1097065,0,0.35674363635411105
7065,1097066,0,0.2972164910205576
7066,1097067,0,0.3273294558380782
7067,1097068,0,0.23155981931439132
7068,1097069,0,0.2176395386910874
7069,1097070,0,0.31225949945330367
7070,1097071,0,0.28850424869550173
7071,1097072,0,0.25780249239839914
7072,1097073,0,0.40416675691543763
7073,1097074,0,0.42221846773252186
7074,1097075,1,0.6191056487224393
7075,1097076,0,0.266750553682472
7076,1097077,0,0.28617739765528627
7077,1097078,0,0.40556997447003007
7078,1097079,0,0.22854335286601626
7079,1097080,0,0.217313649184863
7080,1097081,0,0.41152347566007574
7081,1097082,0,0.32588572284024786
7082,1097083,0,0.13446380981838185
7083,1097084,0,0.24707514482189863
7084,1097085,0,0.2484366959147044
7085,1097086,0,0.3636341848120022
7086,1097087,0,0.16640930081810276
7087,1097088,0,0.43522186246409367
7088,1097089,1,0.5678692324789779
7089,1097090,1,0.5193933890566782
7090,1097091,0,0.21895561800986404
7091,1097092,0,0.3751639603522581
7092,1097093,1,0.6778371760373059
7093,1097094,0,0.2041978852324044
7094,1097095,0,0.33346908154513055
7095,1097096,0,0.35840511792979923
7096,1097097,0,0.3416485806320462
7097,1097098,0,0.22863179479200527
7098,1097099,0,0.1489414181716246
7099,1097100,0,0.368274623925796
7100,1097101,0,0.2773214828419651
7101,1097102,0,0.40627936150085364
7102,1097103,0,0.27525227569700483
7103,1097104,0,0.3090534620219623
7104,1097105,0,0.13375562962294077
7105,1097106,0,0.2611278231497561
7106,1097107,0,0.27759187140452424
7107,1097108,1,0.5379255646368415
7108,1097109,0,0.27065061547249114
7109,1097110,0,0.19413887397628507
7110,1097111,0,0.21797654104928368
7111,1097112,0,0.26529435722562167
7112,1097113,0,0.26947415415810355
7113,1097114,1,0.5396829612138423
7114,1097115,0,0.4343443690219871
7115,1097116,0,0.44511076745691747
7116,1097117,0,0.20276166935197107
7117,1097118,1,0.5091251173712887
7118,1097119,1,0.5638902838200747
7119,1097120,1,0.5022127959324366
7120,1097121,1,0.5884432149083141
7121,1097122,0,0.230953713857829
7122,1097123,0,0.2413149489916431
7123,1097124,0,0.2275247132545146
7124,1097125,0,0.25663554897150226
7125,1097126,1,0.6111708545326412
7126,1097127,0,0.23755012941653122
7127,1097128,0,0.2524403629139458
7128,1097129,0,0.19934026712419978
7129,1097130,0,0.178530927787659
7130,1097131,1,0.5491208039944644
7131,1097132,0,0.3479811763477252
7132,1097133,0,0.1885772607701338
7133,1097134,0,0.37810890427232985
7134,1097135,0,0.3487220321567331
7135,1097136,0,0.3090132610749192
7136,1097137,0,0.29273692627745296
7137,1097138,0,0.16068047122132367
7138,1097139,0,0.400909754714381
7139,1097140,0,0.3956377863246231
7140,1097141,0,0.3212403199167022
7141,1097142,0,0.39198352412879855
7142,1097143,0,0.31659607029033304
7143,1097144,0,0.26043768721766214
7144,1097145,0,0.4174038162897061
7145,1097146,0,0.42804773266440405
7146,1097147,0,0.16941550634560043
7147,1097148,0,0.37764721397136797
7148,1097149,0,0.2803080581642706
7149,1097150,0,0.2817856098156776
7150,1097151,0,0.27427902301882734
7151,1097152,0,0.38688053094724223
7152,1097153,0,0.37507623093777026
7153,1097154,0,0.20797852563584954
7154,1097155,1,0.5409466770895233
7155,1097156,0,0.15356605568670031
7156,1097157,1,0.5769374768149553
7157,1097158,0,0.4151970855418316
7158,1097159,0,0.12118942291337748
7159,1097160,0,0.43052910780105047
7160,1097161,0,0.4382450905200212
7161,1097162,0,0.4717790382036462
7162,1097163,0,0.46337883797119955
7163,1097164,0,0.36823150207642236
7164,1097165,0,0.40374206107353755
7165,1097166,0,0.3598296859964965
7166,1097167,0,0.4822606507490574
7167,1097168,0,0.23388948165586845
7168,1097169,1,0.5896581443646156
7169,1097170,0,0.305982727750505
7170,1097171,0,0.4677893221041903
7171,1097172,0,0.37206420142628766
7172,1097173,0,0.3929877430212377
7173,1097174,0,0.267349133918972
7174,1097175,0,0.2988285427818445
7175,1097176,0,0.33401498588406053
7176,1097177,1,0.523213829206845
7177,1097178,1,0.5245563915632183
7178,1097179,0,0.35848167570740885
7179,1097180,0,0.26442335384831356
7180,1097181,0,0.41610273001334575
7181,1097182,1,0.7148866799711484
7182,1097183,1,0.5152322615882726
7183,1097184,0,0.14612575083415724
7184,1097185,0,0.27288143126029646
7185,1097186,0,0.3335569336417004
7186,1097187,0,0.4694267508223074
7187,1097188,0,0.17421039044415762
7188,1097189,0,0.22972015243101318
7189,1097190,0,0.3294231565798269
7190,1097191,0,0.49279773716357045
7191,1097192,0,0.41305821228856754
7192,1097193,0,0.18602977522402273
7193,1097194,0,0.34957572885194255
7194,1097195,0,0.3266851643017766
7195,1097196,0,0.4293919227149635
7196,1097197,1,0.6506832165016141
7197,1097198,0,0.33396884366265966
7198,1097199,1,0.5426642375014833
7199,1097200,1,0.5285468090955819
7200,1097201,0,0.3118967634976586
7201,1097202,0,0.26961413349402213
7202,1097203,1,0.586046820603362
7203,1097204,0,0.31981079272350094
7204,1097205,0,0.4154335280061748
7205,1097206,0,0.3452276579449361
7206,1097207,0,0.36335684600330803
7207,1097208,0,0.3634528963286076
7208,1097209,0,0.3162058223340469
7209,1097210,0,0.26700750376657356
7210,1097211,0,0.27668384292723375
7211,1097212,0,0.47888033778040046
7212,1097213,0,0.4977038133819996
7213,1097214,0,0.4138247911644292
7214,1097215,0,0.22505497954446313
7215,1097216,0,0.4188501186794771
7216,1097217,0,0.377697025559545
7217,1097218,0,0.34812782047295643
7218,1097219,1,0.5788267170422441
7219,1097220,0,0.47180131863511277
7220,1097221,0,0.2751060923561726
7221,1097222,0,0.23776320921865582
7222,1097223,0,0.3486429373582912
7223,1097224,1,0.5664029249205785
7224,1097225,0,0.28772686182169044
7225,1097226,0,0.38698090829664555
7226,1097227,1,0.7357578436788945
7227,1097228,0,0.33762174080705915
7228,1097229,0,0.3456823003347758
7229,1097230,0,0.13959519758391759
7230,1097231,0,0.4978021924230503
7231,1097232,1,0.595017537085869
7232,1097233,0,0.1907114520593968
7233,1097234,0,0.3876831289097689
7234,1097235,1,0.5198924555024174
7235,1097236,0,0.2318921369716074
7236,1097237,0,0.21718458432470153
7237,1097238,0,0.25882038324483014
7238,1097239,0,0.07540073029855375
7239,1097240,0,0.34888130254223376
7240,1097241,0,0.2463695208002486
7241,1097242,0,0.2111536418093086
7242,1097243,0,0.28359110644806984
7243,1097244,0,0.3223281256740883
7244,1097245,0,0.3075842743753061
7245,1097246,0,0.43831612206713066
7246,1097247,0,0.3046853559214373
7247,1097248,0,0.4889364822285811
7248,1097249,0,0.15510343943268906
7249,1097250,1,0.5154857484758371
7250,1097251,0,0.3622968019283223
7251,1097252,0,0.299152567102471
7252,1097253,0,0.21776730170066597
7253,1097254,0,0.1830598556682195
7254,1097255,0,0.3409634768242642
7255,1097256,0,0.22609272460536886
7256,1097257,0,0.2091451414764843
7257,1097258,0,0.2068429414529258
7258,1097259,0,0.30538973633475514
7259,1097260,0,0.22382966737626153
7260,1097261,0,0.2609184445728296
7261,1097262,0,0.4516259162378073
7262,1097263,0,0.4517097930059557
7263,1097264,1,0.6898868926781293
7264,1097265,1,0.6087657964868686
7265,1097266,0,0.3247765043177636
7266,1097267,0,0.3079311409226616
7267,1097268,0,0.27203678047320184
7268,1097269,0,0.24903444266246427
7269,1097270,0,0.4612346911901118
7270,1097271,0,0.2758158931229824
7271,1097272,0,0.35969659289501865
7272,1097273,0,0.25747393728402834
7273,1097274,0,0.3729833328979802
7274,1097275,0,0.30045981504293395
7275,1097276,0,0.47757556729152423
7276,1097277,0,0.3466721889468651
7277,1097278,0,0.31540917521950074
7278,1097279,0,0.23644014214773101
7279,1097280,0,0.3036902855666013
7280,1097281,0,0.2731329371958908
7281,1097282,0,0.260639368556141
7282,1097283,0,0.3562326861765374
7283,1097284,0,0.19750236612764802
7284,1097285,1,0.5229329375078432
7285,1097286,0,0.47406560659803737
7286,1097287,0,0.21559079078322407
7287,1097288,0,0.23362058074110592
7288,1097289,0,0.41806423978069646
7289,1097290,0,0.2641467402630259
7290,1097291,0,0.3220813829177203
7291,1097292,0,0.2567679544172905
7292,1097293,0,0.31801075158303466
7293,1097294,0,0.4225907814778727
7294,1097295,0,0.3013294358884272
7295,1097296,0,0.31143841287505303
7296,1097297,0,0.2512024938494302
7297,1097298,0,0.23643279438525647
7298,1097299,0,0.1846589195452832
7299,1097300,0,0.3730672548192749
7300,1097301,0,0.1702902124479505
7301,1097302,0,0.432430048634323
7302,1097303,1,0.5242950207204305
7303,1097304,0,0.34000137980597617
7304,1097305,0,0.27910361906284237
7305,1097306,0,0.2893223037275841
7306,1097307,0,0.4056208376573701
7307,1097308,0,0.4716253654115516
7308,1097309,0,0.2296505067679857
7309,1097310,0,0.24886534979841737
7310,1097311,0,0.18285175342372342
7311,1097312,0,0.4481452487239493
7312,1097313,0,0.2349010534955335
7313,1097314,0,0.16087878726116642
7314,1097315,0,0.21975712822670093
7315,1097316,0,0.3418275342047801
7316,1097317,0,0.26227057045374086
7317,1097318,0,0.3698519783125538
7318,1097319,0,0.1697887699612473
7319,1097320,1,0.6458671366850339
7320,1097321,0,0.2657494011595025
7321,1097322,0,0.26055366330346286
7322,1097323,0,0.21853444345377457
7323,1097324,0,0.3881027258722612
7324,1097325,0,0.22831246058051016
7325,1097326,0,0.35025794001846844
7326,1097327,0,0.2725217874381623
7327,1097328,0,0.22934567153740334
7328,1097329,0,0.29596766801669155
7329,1097330,0,0.4479051007206403
7330,1097331,0,0.3192454744721926
7331,1097332,0,0.23051745327565612
7332,1097333,0,0.3258543767492542
7333,1097334,0,0.43084449682774684
7334,1097335,1,0.5649589811676634
7335,1097336,0,0.3901012414682604
7336,1097337,0,0.34726324927275026
7337,1097338,1,0.7471702964070823
7338,1097339,0,0.38472017667903985
7339,1097340,0,0.2543861380717648
7340,1097341,0,0.15723204469329238
7341,1097342,0,0.2644270374606142
7342,1097343,0,0.2806200653013436
7343,1097344,0,0.23056578005711997
7344,1097345,0,0.41576997532468885
7345,1097346,0,0.22047580052222387
7346,1097347,0,0.2025234108840398
7347,1097348,0,0.2453085684312124
7348,1097349,0,0.34312499331119606
7349,1097350,1,0.6501501217090111
7350,1097351,0,0.34684222658830743
7351,1097352,0,0.2015750933441638
7352,1097353,0,0.3040282526330725
7353,1097354,0,0.3933630549387464
7354,1097355,0,0.36462392981429953
7355,1097356,0,0.3828300623594935
7356,1097357,0,0.23761269404721416
7357,1097358,0,0.4381260255029362
7358,1097359,0,0.37591304303073747
7359,1097360,0,0.21664823158126523
7360,1097361,0,0.1443873678218538
7361,1097362,0,0.23649871447692986
7362,1097363,0,0.2927882877125085
7363,1097364,1,0.943658237040915
7364,1097365,1,0.650456552767297
7365,1097366,0,0.296621143265687
7366,1097367,0,0.4723458952923713
7367,1097368,0,0.2691601430322303
7368,1097369,0,0.24016851550526827
7369,1097370,0,0.3420443505116481
7370,1097371,0,0.18400727414032725
7371,1097372,1,0.6905824844690787
7372,1097373,0,0.20476419285632433
7373,1097374,0,0.3287432312464471
7374,1097375,0,0.3510411176101105
7375,1097376,0,0.28431508575177367
7376,1097377,0,0.3556427582893549
7377,1097378,1,0.5170133219751917
7378,1097379,0,0.2031003877550625
7379,1097380,0,0.29285303345378416
7380,1097381,0,0.34683575431257474
7381,1097382,0,0.18135063129653256
7382,1097383,0,0.28056351923162154
7383,1097384,0,0.26598488745992865
7384,1097385,0,0.19868739886665737
7385,1097386,0,0.34767304897577467
7386,1097387,0,0.39129275956049964
7387,1097388,0,0.28265507919234945
7388,1097389,0,0.3354053312341636
7389,1097390,0,0.4684001157204718
7390,1097391,0,0.29404639627751816
7391,1097392,0,0.2404976280811764
7392,1097393,0,0.23090456103841947
7393,1097394,0,0.4222095063383078
7394,1097395,0,0.3753539876933648
7395,1097396,0,0.3827284071016037
7396,1097397,0,0.27753616031666645
7397,1097398,0,0.44878657320739995
7398,1097399,1,0.622902742842308
7399,1097400,0,0.2864198617079248
7400,1097401,0,0.25989172203009553
7401,1097402,1,0.5181805794821565
7402,1097403,0,0.35639991309245883
7403,1097404,1,0.6074473232839521
7404,1097405,0,0.23466523436087747
7405,1097406,0,0.2849698082894591
7406,1097407,0,0.2081345599797505
7407,1097408,1,0.5304030176698283
7408,1097409,0,0.4357448219417024
7409,1097410,0,0.09499588154864148
7410,1097411,0,0.3350732669057662
7411,1097412,1,0.5365143779801254
7412,1097413,0,0.18684765488246016
7413,1097414,0,0.3058454970096696
7414,1097415,0,0.16802291189743343
7415,1097416,0,0.2146858656928511
7416,1097417,0,0.23163866755083123
7417,1097418,1,0.6195267024605725
7418,1097419,0,0.37601704767287597
7419,1097420,0,0.3586948726164043
7420,1097421,0,0.4326595619597469
7421,1097422,0,0.24042913873814994
7422,1097423,1,0.5505366623482678
7423,1097424,0,0.403626048383527
7424,1097425,0,0.3489171479085319
7425,1097426,0,0.40908547734165024
7426,1097427,0,0.4557343922881272
7427,1097428,0,0.4252193519742558
7428,1097429,0,0.3746400448082869
7429,1097430,0,0.2617529225294637
7430,1097431,0,0.28423141836279964
7431,1097432,0,0.1785313057635895
7432,1097433,0,0.20819479992409945
7433,1097434,0,0.2994833435260551
7434,1097435,1,0.626800897170525
7435,1097436,1,0.6752877332003001
7436,1097437,0,0.48961808073205704
7437,1097438,0,0.1842528168397414
7438,1097439,0,0.4657291721139471
7439,1097440,0,0.1770866260914411
7440,1097441,0,0.3241763119395704
7441,1097442,0,0.49669991171092565
7442,1097443,0,0.2632829320212744
7443,1097444,0,0.28084511620171576
7444,1097445,0,0.1916018778047086
7445,1097446,0,0.3336915877081834
7446,1097447,0,0.18534525383632125
7447,1097448,0,0.42742813383270667
7448,1097449,0,0.2144276630366609
7449,1097450,0,0.26193228937675395
7450,1097451,0,0.30667218787190065
7451,1097452,0,0.283051310858927
7452,1097453,0,0.21705976248625627
7453,1097454,0,0.30373222730006433
7454,1097455,0,0.32501187723499064
7455,1097456,0,0.26942786323387863
7456,1097457,0,0.28827207396921795
7457,1097458,1,0.614778189469475
7458,1097459,0,0.2336848835721581
7459,1097460,0,0.27110118647814624
7460,1097461,1,0.5511512137516775
7461,1097462,1,0.5752686780010202
7462,1097463,0,0.22954014917443596
7463,1097464,0,0.26213448489193325
7464,1097465,0,0.207443167155946
7465,1097466,0,0.20062141179385748
7466,1097467,0,0.21090355995574164
7467,1097468,0,0.2273757644351109
7468,1097469,0,0.36970660120265947
7469,1097470,0,0.36531803915923083
7470,1097471,0,0.2063212441820555
7471,1097472,0,0.23108779245089958
7472,1097473,1,0.5552246192523166
7473,1097474,0,0.392154242978177
7474,1097475,0,0.2820625258579348
7475,1097476,0,0.384108256405719
7476,1097477,1,0.6785002871507156
7477,1097478,0,0.2707649291583808
7478,1097479,0,0.31402691280182693
7479,1097480,0,0.2004100596778748
7480,1097481,0,0.3028731428041763
7481,1097482,0,0.39217891434524205
7482,1097483,0,0.2959466724442479
7483,1097484,0,0.4195530223367996
7484,1097485,0,0.33481726326529887
7485,1097486,0,0.20266476657551177
7486,1097487,1,0.8977893972915927
7487,1097488,1,0.5117825426227451
7488,1097489,0,0.2917133184584751
7489,1097490,0,0.2545763849128758
7490,1097491,0,0.4961025574563454
7491,1097492,1,0.5088399118411365
7492,1097493,0,0.42451385330968605
7493,1097494,0,0.3331172014357508
7494,1097495,1,0.5579968904555496
7495,1097496,0,0.2135718046371634
7496,1097497,0,0.45179228356555645
7497,1097498,0,0.2178274674370173
7498,1097499,0,0.24330716806666397
7499,1097500,0,0.2245031174177804
7500,1097501,0,0.23172391657901095
7501,1097502,0,0.22714060001601466
7502,1097503,0,0.43499135203062655
7503,1097504,0,0.3355956647456836
7504,1097505,1,0.5953590934455333
7505,1097506,0,0.1935176408049482
7506,1097507,0,0.2593933455015862
7507,1097508,0,0.4812885894135386
7508,1097509,0,0.1784077993558168
7509,1097510,0,0.20871111093082587
7510,1097511,0,0.39084945479447153
7511,1097512,0,0.10884604786220302
7512,1097513,0,0.153082959447597
7513,1097514,0,0.3171830463297702
7514,1097515,0,0.2747653602830041
7515,1097516,0,0.3415951508057584
7516,1097517,0,0.3676711461628505
7517,1097518,0,0.24390466938073468
7518,1097519,0,0.4575377055802861
7519,1097520,0,0.16885695056667777
7520,1097521,0,0.25647324355541645
7521,1097522,0,0.4596835262667201
7522,1097523,0,0.22711938077846958
7523,1097524,1,0.5176169592229802
7524,1097525,0,0.18658993139717345
7525,1097526,0,0.2852101143699345
7526,1097527,0,0.466283583718189
7527,1097528,0,0.32542465209086396
7528,1097529,0,0.2979142606022516
7529,1097530,0,0.40087816165764284
7530,1097531,1,0.5860884888083876
7531,1097532,0,0.3936405592876485
7532,1097533,0,0.31633931903866824
7533,1097534,1,0.5051853085631447
7534,1097535,0,0.4847861056537356
7535,1097536,0,0.4408469787862529
7536,1097537,0,0.22083499796467268
7537,1097538,0,0.42322679347574543
7538,1097539,0,0.2851325311920454
7539,1097540,0,0.28931319723632126
7540,1097541,0,0.31313274359624454
7541,1097542,0,0.19349593813404076
7542,1097543,0,0.27529514009054923
7543,1097544,0,0.41608733860763203
7544,1097545,0,0.3846110809209054
7545,1097546,0,0.3328608841542124
7546,1097547,0,0.2285698984990922
7547,1097548,0,0.4144239395389093
7548,1097549,0,0.4311405302274671
7549,1097550,0,0.44205346552277414
7550,1097551,0,0.3434535979381081
7551,1097552,1,0.5605321238979301
7552,1097553,0,0.3827078252147139
7553,1097554,0,0.46410422118215383
7554,1097555,0,0.24411472514712243
7555,1097556,1,0.7518774267358703
7556,1097557,0,0.35788784495660525
7557,1097558,0,0.2479228997092078
7558,1097559,0,0.3159288184331714
7559,1097560,0,0.2930128470709855
7560,1097561,0,0.3153503077900596
7561,1097562,0,0.39428436402399053
7562,1097563,1,0.5002679199865225
7563,1097564,0,0.27348952490771644
7564,1097565,0,0.4272552772292444
7565,1097566,1,0.570438467964506
7566,1097567,1,0.5749753378549368
7567,1097568,0,0.3720560505225866
7568,1097569,1,0.5680733714452085
7569,1097570,0,0.32113554068044103
7570,1097571,0,0.20873114399063566
7571,1097572,0,0.35927585173329485
7572,1097573,1,0.5916445852727621
7573,1097574,0,0.3243053336637649
7574,1097575,0,0.34453092498704363
7575,1097576,0,0.2433829442314928
7576,1097577,0,0.28412544007924545
7577,1097578,1,0.5766004422112905
7578,1097579,0,0.3904112454854177
7579,1097580,0,0.4598810748000491
7580,1097581,0,0.3893210830357058
7581,1097582,0,0.33668318545039505
7582,1097583,0,0.4360810252568697
7583,1097584,0,0.4525030504955602
7584,1097585,1,0.9083984145458829
7585,1097586,0,0.34089280534786814
7586,1097587,0,0.3384016898116351
7587,1097588,0,0.25980439526761673
7588,1097589,0,0.23855524619404653
7589,1097590,1,0.5021147095401856
7590,1097591,0,0.2858210191454107
7591,1097592,0,0.16578778739367397
7592,1097593,1,0.5017440848118486
7593,1097594,0,0.43149163956574715
7594,1097595,1,0.5731587418649654
7595,1097596,0,0.3432596794662898
7596,1097597,0,0.41734395908820066
7597,1097598,0,0.26607410120052827
7598,1097599,0,0.33614285871453303
7599,1097600,0,0.3255399304570724
7600,1097601,0,0.46141241010796297
7601,1097602,0,0.2372137112607075
7602,1097603,1,0.730168000390237
7603,1097604,1,0.5137296616944022
7604,1097605,1,0.6608085801615694
7605,1097606,0,0.3039438925765751
7606,1097607,0,0.37032479279991554
7607,1097608,1,0.6514468843372025
7608,1097609,0,0.1638480049792754
7609,1097610,0,0.38699775167275974
7610,1097611,0,0.323028237680746
7611,1097612,0,0.3235883947491477
7612,1097613,0,0.37064937593737923
7613,1097614,1,0.541765038924875
7614,1097615,0,0.3233706083372897
7615,1097616,0,0.36073837753628796
7616,1097617,0,0.3721218863247579
7617,1097618,1,0.7346164162526004
7618,1097619,1,0.6062907707432599
7619,1097620,0,0.4707257821153572
7620,1097621,0,0.43323628192244723
7621,1097622,0,0.45797743311441136
7622,1097623,1,0.6973903271017684
7623,1097624,0,0.3746590037446968
7624,1097625,0,0.2711297152235569
7625,1097626,1,0.5372372180751757
7626,1097627,0,0.4405524909886799
7627,1097628,1,0.5075672856144301
7628,1097629,1,0.8270559853346631
7629,1097630,1,0.6381976350033651
7630,1097631,0,0.1992343028455481
7631,1097632,0,0.4239315776386826
7632,1097633,0,0.3976156496146602
7633,1097634,1,0.7001046136526654
7634,1097635,1,0.5731525086555939
7635,1097636,1,0.5137446412197643
7636,1097637,0,0.4908162632247132
7637,1097638,0,0.4365181930925473
7638,1097639,0,0.4933451078943134
7639,1097640,0,0.47075229279647846
7640,1097641,1,0.6284973818753907
7641,1097642,1,0.5085548473298829
7642,1097643,1,0.6107638483061517
7643,1097644,0,0.2291203117995751
7644,1097645,0,0.4012556091352422
7645,1097646,0,0.2507669883077787
7646,1097647,0,0.43150165354900283
7647,1097648,0,0.30842371228821264
7648,1097649,1,0.5785006215960776
7649,1097650,0,0.4514457303699441
7650,1097651,1,0.7495202740113098
7651,1097652,1,0.6842541010957868
7652,1097653,1,0.528236344976322
7653,1097654,1,0.5062985127725051
7654,1097655,1,0.9426489964472092
7655,1097656,0,0.2674235952799977
7656,1097657,0,0.45225210172591673
7657,1097658,1,0.8063396313180243
7658,1097659,0,0.46212019001889304
7659,1097660,1,0.6111890530641241
7660,1097661,1,0.5548361358302185
7661,1097662,1,0.529667581393636
7662,1097663,1,0.5050824701555875
7663,1097664,1,0.5915305000440239
7664,1097665,1,0.5262592470110948
7665,1097666,1,0.5211785243541883
7666,1097667,1,0.6357405002903901
7667,1097668,0,0.4208021296838996
7668,1097669,1,0.5602827442590002
7669,1097670,0,0.47321601188854223
7670,1097671,1,0.5609948984942387
7671,1097672,1,0.5983595431616184
7672,1097673,1,0.6114230522640964
7673,1097674,1,0.6844970706853731
7674,1097675,1,0.5848611356180166
7675,1097676,0,0.44197799472858706
7676,1097677,1,0.5860598969797515
7677,1097678,0,0.3861349080616614
7678,1097679,1,0.5104386133758233
7679,1097680,0,0.2692257768020604
7680,1097681,1,0.6416373766015332
7681,1097682,1,0.736465572874701
7682,1097683,1,0.7386685943505026
7683,1097684,0,0.4965735233020341
7684,1097685,1,0.6111605590592196
7685,1097686,0,0.3299125131603659
7686,1097687,1,0.7739897132740178
7687,1097688,1,0.6683094690806897
7688,1097689,0,0.4924118897635865
7689,1097690,0,0.30742781000414804
7690,1097691,1,0.6137095568538515
7691,1097692,1,0.6680593116194091
7692,1097693,0,0.40329124707658315
7693,1097694,0,0.3695458497747294
7694,1097695,1,0.6244879831728795
7695,1097696,0,0.4884519937668312
7696,1097697,1,0.6049712761320066
7697,1097698,0,0.45377344921670076
7698,1097699,1,0.5371754297734539
7699,1097700,0,0.3674970030727311
7700,1097701,1,0.702803476466776
7701,1097702,1,0.7081781705366942
7702,1097703,1,0.5897156439830594
7703,1097704,1,0.541544229338704
7704,1097705,1,0.5630125722378617
7705,1097706,0,0.3673245462791273
7706,1097707,0,0.3558754106496968
7707,1097708,0,0.44573438548718436
7708,1097709,0,0.3984297503284141
7709,1097710,1,0.6716158467399197
7710,1097711,1,0.5146062415554012
7711,1097712,1,0.5844839067513542
7712,1097713,1,0.6548977522234193
7713,1097714,1,0.555391832848199
7714,1097715,0,0.3344159002157827
7715,1097716,1,0.590172102246915
7716,1097717,1,0.521125796695197
7717,1097718,1,0.6289742437744062
7718,1097719,0,0.45998982001396194
7719,1097720,1,0.5500771093644975
7720,1097721,1,0.8349999151745043
7721,1097722,0,0.4114807443774126
7722,1097723,1,0.8524151993478223
7723,1097724,0,0.3434096118571105
7724,1097725,1,0.9302106152601973
7725,1097726,1,0.5493384667255097
7726,1097727,1,0.6159587554934302
7727,1097728,1,0.7044129691589026
7728,1097729,1,0.7467144045386954
7729,1097730,0,0.28616690943775724
7730,1097731,1,0.5747408660718285
7731,1097732,1,0.9844062236686816
7732,1097733,0,0.33782733812131355
7733,1097734,1,0.6951839627826266
7734,1097735,0,0.3607199399487721
7735,1097736,1,0.6121475352849074
7736,1097737,1,0.758430819545763
7737,1097738,1,0.630128514558895
7738,1097739,1,0.8187257350451479
7739,1097740,1,0.7799130275596602
7740,1097741,1,0.8156332740863439
7741,1097742,1,0.9511603873902054
7742,1097743,1,0.9092818755003103
7743,1097744,1,0.7366627089165416
7744,1097745,1,0.6261333811888072
7745,1097746,1,0.5386282522531683
7746,1097747,1,0.7680001066939298
7747,1097748,1,0.983958499671742
7748,1097749,1,0.7218641968589562
7749,1097750,0,0.36225333261133286
7750,1097751,1,0.5944383033668627
7751,1097752,0,0.22341914242490998
7752,1097753,1,0.6534362556481088
7753,1097754,1,0.87707515400413
7754,1097755,1,0.9087026189263732
7755,1097756,1,0.6561725024483462
7756,1097757,0,0.3603701780846404
7757,1097758,1,0.7547236178255998
7758,1097759,0,0.47041565927643375
7759,1097760,1,0.9394107591971249
7760,1097761,1,0.9691408809362929
7761,1097762,1,0.9044164272115414
7762,1097763,1,0.8975019778190754
7763,1097764,1,0.5206428135603711
7764,1097765,1,0.5688606823685095
7765,1097766,1,0.5886091894635471
7766,1097767,1,0.9486292307199055
7767,1097768,1,0.6412531469436327
7768,1097769,1,0.5834861895493574
7769,1097770,1,0.6368556491548399
7770,1097771,1,0.8622088147976427
7771,1097772,0,0.3733409089577037
7772,1097773,1,0.9189069078990643
7773,1097774,1,0.6380845972317332
7774,1097775,0,0.3669897717166465
7775,1097776,1,0.7005809842050474
7776,1097777,1,0.6239368082237906
7777,1097778,1,0.628001682231265
7778,1097779,0,0.43806793748168715
7779,1097780,1,0.6692661818743341
7780,1097781,1,0.7529014997276852
7781,1097782,1,0.5460555234861353
7782,1097783,0,0.3516885579011104
7783,1097784,0,0.1929491008696562
7784,1097785,1,0.6548888625076562
7785,1097786,1,0.588310743852016
7786,1097787,0,0.49355749479408495
7787,1097788,1,0.7748824957801647
7788,1097789,1,0.6814593694835479
7789,1097790,1,0.8426063452269554
7790,1097791,1,0.8765210033408674
7791,1097792,1,0.9305667253211294
7792,1097793,1,0.9804261225291095
7793,1097794,1,0.5981046594294076
7794,1097795,0,0.4827673614636263
7795,1097796,1,0.7882309031292033
7796,1097797,1,0.6738566836692558
7797,1097798,0,0.40446093786663545
7798,1097799,0,0.42395850008939
7799,1097800,1,0.6802526266670955
7800,1097801,0,0.40078046016635505
7801,1097802,1,0.8797234329934625
7802,1097803,1,0.9165873375002612
7803,1097804,1,0.755245198132575
7804,1097805,1,0.548919188849094
7805,1097806,1,0.7397340995365536
7806,1097807,1,0.7250944260944221
7807,1097808,1,0.8687138420606618
7808,1097809,1,0.9091861091556509
7809,1097810,1,0.7163189553310707
7810,1097811,1,0.7915112358814334
7811,1097812,1,0.6765567267532422
7812,1097813,1,0.9156476648363315
7813,1097814,1,0.931430333757415
7814,1097815,1,0.7588596873652794
7815,1097816,1,0.5701518849802402
7816,1097817,1,0.7083684481856015
7817,1097818,0,0.47565320699926733
7818,1097819,1,0.5004684768836611
7819,1097820,1,0.5467558491647709
7820,1097821,1,0.7557191886297899
7821,1097822,1,0.5617441812176234
7822,1097823,1,0.803217610174209
7823,1097824,1,0.979341965517598
7824,1097825,0,0.42497410972533517
7825,1097826,1,0.667779924074907
7826,1097827,1,0.6599633830857715
7827,1097828,1,0.6175924442946699
7828,1097829,1,0.6442076637075836
7829,1097830,1,0.958954165462574
7830,1097831,0,0.30704875698733125
7831,1097832,0,0.3557569353281882
7832,1097833,0,0.4976323146188885
7833,1097834,1,0.9202428436546642
7834,1097835,1,0.6560976853025277
7835,1097836,1,0.6440824271416448
7836,1097837,1,0.7148609493572234
7837,1097838,1,0.5903795474698593
7838,1097839,1,0.5939508088537043
7839,1097840,1,0.6807742513304558
7840,1097841,1,0.5918995652936444
7841,1097842,1,0.7847337313908668
7842,1097843,0,0.45539706642713473
7843,1097844,1,0.5983467852631297
7844,1097845,1,0.9168732952868084
7845,1097846,1,0.9434455097834871
7846,1097847,0,0.3842207439420959
7847,1097848,1,0.5860492586439179
7848,1097849,1,0.7184448459729066
7849,1097850,0,0.43867730639336655
7850,1097851,1,0.8532425049541822
7851,1097852,0,0.3865727951334579
7852,1097853,1,0.7295820853669904
7853,1097854,1,0.6727173778301874
7854,1097855,1,0.7641747156545399
7855,1097856,1,0.6881961308926768
7856,1097857,1,0.9651555840609581
7857,1097858,1,0.5232909761267743
7858,1097859,1,0.5233462431885725
7859,1097860,1,0.5348656046068024
7860,1097861,1,0.6892232043930486
7861,1097862,1,0.5454104976589261
7862,1097863,1,0.8572781256173322
7863,1097864,1,0.5436872984963921
7864,1097865,1,0.8685138177375846
7865,1097866,1,0.5347954386475432
7866,1097867,1,0.7724738374840389
7867,1097868,1,0.9584158769045992
7868,1097869,0,0.49205581707703594
7869,1097870,1,0.5066106754660512
7870,1097871,1,0.6421355901616254
7871,1097872,1,0.5843958385273447
7872,1097873,1,0.6926985173769562
7873,1097874,1,0.9089026126872453
7874,1097875,1,0.7188807864893809
7875,1097876,1,0.9553516062953055
7876,1097877,0,0.45054103734377754
7877,1097878,1,0.6336660934192265
7878,1097879,1,0.9149871419267853
7879,1097880,1,0.8895031270166956
7880,1097881,1,0.7189973587871394
7881,1097882,1,0.5249887807583374
7882,1097883,0,0.4782233045048176
7883,1097884,1,0.5307807824467115
7884,1097885,1,0.9068325004634787
7885,1097886,1,0.8392166533188984
7886,1097887,1,0.9325630596336042
7887,1097888,1,0.5223947926092452
7888,1097889,1,0.7515118662953576
7889,1097890,1,0.7950587483570648
7890,1097891,1,0.6433104350485689
7891,1097892,1,0.5920525690158162
7892,1097893,0,0.44202458738020073
7893,1097894,0,0.41359910567622143
7894,1097895,1,0.9511446646537425
7895,1097896,1,0.769357160316102
7896,1097897,1,0.5902275123411271
7897,1097898,1,0.9017675185410833
7898,1097899,1,0.7493969651215416
7899,1097900,0,0.3736928064412256
7900,1097901,1,0.5728572052240395
7901,1097902,1,0.626069294300513
7902,1097903,0,0.3136123941662647
7903,1097904,0,0.29633037045217664
7904,1097905,1,0.596531480258232
7905,1097906,0,0.33128318962030306
7906,1097907,1,0.5865101180688207
7907,1097908,1,0.5678280503351979
7908,1097909,0,0.2996786296624764
7909,1097910,0,0.3206184700758128
7910,1097911,0,0.3110992484429643
7911,1097912,1,0.5678986670608017
7912,1097913,1,0.5050691692079907
7913,1097914,0,0.3974936865107886
7914,1097915,0,0.40739547167217105
7915,1097916,1,0.6830578297884551
7916,1097917,0,0.23648132619866938
7917,1097918,1,0.7403468064612634
7918,1097919,1,0.6064525613053159
7919,1097920,0,0.41341300129538655
7920,1097921,0,0.2553824641042563
7921,1097922,0,0.3486324934592226
7922,1097923,1,0.6604546867298324
7923,1097924,0,0.36046247036243134
7924,1097925,1,0.6099296042010554
7925,1097926,1,0.5535444927719695
7926,1097927,1,0.6958725440883711
7927,1097928,1,0.6637425716500573
7928,1097929,0,0.3812396930978766
7929,1097930,0,0.454735553533748
7930,1097931,0,0.4021619475722672
7931,1097932,0,0.4619404758853156
7932,1097933,1,0.5957453141478446
7933,1097934,1,0.7190196929340736
7934,1097935,0,0.247499961871414
7935,1097936,1,0.5168947135131549
7936,1097937,1,0.8266281085921299
7937,1097938,0,0.32832953841795587
7938,1097939,0,0.35375894310988115
7939,1097940,1,0.5604845406423208
7940,1097941,0,0.3808455786803058
7941,1097942,0,0.34250976161474606
7942,1097943,1,0.7863518148506708
7943,1097944,0,0.3374206851050893
7944,1097945,0,0.26372886466370743
7945,1097946,0,0.3890896653899241
7946,1097947,1,0.5715473326230439
7947,1097948,0,0.3219800189690905
7948,1097949,1,0.8687509369804477
7949,1097950,1,0.7021049460999292
7950,1097951,0,0.30682730378424466
7951,1097952,1,0.5170396372675151
7952,1097953,0,0.277247055874242
7953,1097954,1,0.6495901688446748
7954,1097955,0,0.4669204542632997
7955,1097956,1,0.7366980126063007
7956,1097957,0,0.2758122013067418
7957,1097958,1,0.5161918931171879
7958,1097959,1,0.6585171864977419
7959,1097960,1,0.7277064010106101
7960,1097961,1,0.5222891758047253
7961,1097962,1,0.7274811973265951
7962,1097963,1,0.5198611816398955
7963,1097964,1,0.7654739660135311
7964,1097965,0,0.2998417948688378
7965,1097966,1,0.597007806263356
7966,1097967,1,0.6376723933340587
7967,1097968,0,0.3840818904098569
7968,1097969,1,0.5493841550946881
7969,1097970,0,0.46442344087173837
7970,1097971,1,0.5236019200780524
7971,1097972,0,0.45401584822561714
7972,1097973,1,0.6681982744549726
7973,1097974,1,0.765261965739993
7974,1097975,0,0.19077438176361441
7975,1097976,1,0.688686703127384
7976,1097977,0,0.33566129505521697
7977,1097978,0,0.14413639779418166
7978,1097979,1,0.5417690576339247
7979,1097980,0,0.28818403451335617
7980,1097981,1,0.5813566428953484
7981,1097982,0,0.21706675566373
7982,1097983,0,0.47254532512003333
7983,1097984,1,0.8514380149921427
7984,1097985,1,0.5220224340242826
7985,1097986,0,0.140223545199835
7986,1097987,0,0.3478028925573947
7987,1097988,1,0.5757205805184067
7988,1097989,0,0.20598285198666463
7989,1097990,0,0.3702821550434445
7990,1097991,1,0.8792253404975178
7991,1097992,0,0.3271289672206198
7992,1097993,0,0.27077017338242404
7993,1097994,1,0.5787440707839017
7994,1097995,1,0.6592771165019634
7995,1097996,0,0.42340429255566014
7996,1097997,0,0.3443795181997802
7997,1097998,0,0.26138992581213294
7998,1097999,0,0.4610918465563857
7999,1098000,0,0.30575371926014666
8000,1098001,1,0.6638269296830032
8001,1098002,0,0.48896056151526174
8002,1098003,0,0.3693635222482831
8003,1098004,0,0.3273062013369122
8004,1098005,1,0.5038320413827272
8005,1098006,0,0.3713338032782008
8006,1098007,1,0.5152808481565432
8007,1098008,1,0.5048320505746762
8008,1098009,1,0.5122731439849787
8009,1098010,1,0.5441190074449065
8010,1098011,1,0.5341509642238668
8011,1098012,1,0.5052949920519573
8012,1098013,1,0.6674584185956489
8013,1098014,0,0.21518645390101904
8014,1098015,1,0.6943295497768125
8015,1098016,0,0.4781916200694204
8016,1098017,1,0.5771214983954579
8017,1098018,0,0.48002091899015087
8018,1098019,0,0.3503077909710454
8019,1098020,0,0.4816884787376933
8020,1098021,0,0.44790123706644996
8021,1098022,0,0.3260701364944632
8022,1098023,0,0.4724542308577027
8023,1098024,0,0.48508132515554114
8024,1098025,1,0.6433119550792356
8025,1098026,0,0.2990682276069242
8026,1098027,0,0.34440416594769896
8027,1098028,0,0.4176322332350222
8028,1098029,0,0.47632475565858307
8029,1098030,0,0.3805531892484193
8030,1098031,1,0.6688451210046302
8031,1098032,0,0.4115795379869379
8032,1098033,0,0.32473219695281463
8033,1098034,0,0.3411364440542295
8034,1098035,0,0.2561378575096731
8035,1098036,0,0.13246423681533784
8036,1098037,1,0.5443720597640576
8037,1098038,0,0.4900067324750318
8038,1098039,1,0.519255133125016
8039,1098040,0,0.3160938018625405
8040,1098041,0,0.4072312860438473
8041,1098042,1,0.5684255386810356
8042,1098043,1,0.5366544262965918
8043,1098044,0,0.4262731036045369
8044,1098045,1,0.7126924844153651
8045,1098046,1,0.5517246260117993
8046,1098047,0,0.48559121657395415
8047,1098048,0,0.3481763923070472
8048,1098049,0,0.30029027122191254
8049,1098050,1,0.541829456473006
8050,1098051,1,0.775176265606243
8051,1098052,1,0.6000093214331531
8052,1098053,0,0.48568947149042396
8053,1098054,1,0.7254484199794295
8054,1098055,0,0.33912358623893685
8055,1098056,1,0.7997381660056445
8056,1098057,1,0.7790156403131373
8057,1098058,0,0.49039672534556483
8058,1098059,0,0.2364086924508533
8059,1098060,1,0.5599043275268051
8060,1098061,0,0.2625316289075431
8061,1098062,0,0.29776825726870837
8062,1098063,0,0.38713332523924465
8063,1098064,0,0.3497187357626241
8064,1098065,1,0.6431413062171647
8065,1098066,0,0.4666213152806851
8066,1098067,0,0.34434221906334006
8067,1098068,1,0.7526265590394999
8068,1098069,1,0.5420148574594111
8069,1098070,0,0.32949778239180594
8070,1098071,0,0.4086007255884269
8071,1098072,0,0.4732992040116051
8072,1098073,0,0.3811732802086168
8073,1098074,0,0.27896577840306735
8074,1098075,0,0.40215036345078303
8075,1098076,1,0.6180615540582767
8076,1098077,1,0.5253814439282746
8077,1098078,1,0.6373630500375176
8078,1098079,1,0.537626226016214
8079,1098080,1,0.5325722512066201
8080,1098081,1,0.523416755126169
8081,1098082,0,0.41690146807520323
8082,1098083,1,0.6278391798016149
8083,1098084,1,0.6759810861910949
8084,1098085,0,0.41002247207019304
8085,1098086,0,0.3006815589504236
8086,1098087,0,0.38697923076676494
8087,1098088,0,0.48570641826399685
8088,1098089,0,0.24098356730088188
8089,1098090,1,0.506473662657837
8090,1098091,1,0.5217792345632715
8091,1098092,0,0.28616861921462133
8092,1098093,0,0.4946098066409668
8093,1098094,1,0.6185930495762899
8094,1098095,0,0.40674048377466276
8095,1098096,0,0.2828062130084352
8096,1098097,0,0.47850289904504256
8097,1098098,0,0.3272143913736801
8098,1098099,1,0.7994286587815835
8099,1098100,0,0.23513397852547005
8100,1098101,0,0.358243061493474
8101,1098102,1,0.6091254489584913
8102,1098103,0,0.3581669405549953
8103,1098104,1,0.9835715410103939
8104,1098105,0,0.49380757205507786
8105,1098106,1,0.6828162838262676
8106,1098107,0,0.33065448818369925
8107,1098108,1,0.7869247224157417
8108,1098109,1,0.7465679187735773
8109,1098110,1,0.6499157946338356
8110,1098111,0,0.4844255043011659
8111,1098112,0,0.35369716132199336
8112,1098113,0,0.3361379179465744
8113,1098114,0,0.33634771086544496
8114,1098115,0,0.4323107834532139
8115,1098116,0,0.49488107579328644
8116,1098117,0,0.4699779339536289
8117,1098118,0,0.19569348440047046
8118,1098119,0,0.40826228126524655
8119,1098120,1,0.5281836043521225
8120,1098121,1,0.6377153260253848
8121,1098122,1,0.5711911235182602
8122,1098123,1,0.6131793053148574
8123,1098124,1,0.5104419996047382
8124,1098125,1,0.6148235290492519
8125,1098126,1,0.5731948464166736
8126,1098127,0,0.33487643988095867
8127,1098128,0,0.37673948243690886
8128,1098129,0,0.3140339214392382
8129,1098130,1,0.5016702643552816
8130,1098131,0,0.2700157539374202
8131,1098132,0,0.15800061477304272
8132,1098133,0,0.3811163243356738
8133,1098134,1,0.682413377310434
8134,1098135,0,0.22916685884264995
8135,1098136,1,0.5867248121164395
8136,1098137,0,0.31276091351509566
8137,1098138,0,0.1971192898191826
8138,1098139,0,0.23161050201553293
8139,1098140,1,0.5210408029483149
8140,1098141,0,0.4260216430711008
8141,1098142,1,0.598284652928809
8142,1098143,0,0.378548280751782
8143,1098144,0,0.27525982521012593
8144,1098145,0,0.3310210274169857
8145,1098146,0,0.2654230957646719
8146,1098147,0,0.36584021947820766
8147,1098148,1,0.6289610997039461
8148,1098149,0,0.4126839264488079
8149,1098150,0,0.3432063140503719
8150,1098151,1,0.5333405593401228
8151,1098152,0,0.36797419613510257
8152,1098153,0,0.43622637251597984
8153,1098154,1,0.669918652494127
8154,1098155,1,0.693938224883135
8155,1098156,0,0.2731147987756061
8156,1098157,0,0.4153612060583463
8157,1098158,0,0.3930785045089624
8158,1098159,1,0.6028028274892658
8159,1098160,1,0.5220270339746287
8160,1098161,1,0.576797049000116
8161,1098162,1,0.5577385234534734
8162,1098163,1,0.5588177108079947
8163,1098164,0,0.44868588231584944
8164,1098165,0,0.44268167646797846
8165,1098166,0,0.36861126516811404
8166,1098167,0,0.32423101260928444
8167,1098168,0,0.18303375662739
8168,1098169,0,0.23176213292233602
8169,1098170,1,0.5008754557155405
8170,1098171,0,0.2999471989912386
8171,1098172,0,0.3197451173027429
8172,1098173,0,0.4048283550270067
8173,1098174,1,0.5033826703955747
8174,1098175,1,0.6720450380824076
8175,1098176,0,0.2886273348685482
8176,1098177,1,0.6937090166858821
8177,1098178,1,0.5427633189885837
8178,1098179,1,0.6435229453889527
8179,1098180,0,0.48520140945511386
8180,1098181,0,0.3849124970129718
8181,1098182,1,0.6537161121093973
8182,1098183,0,0.4673741974196832
8183,1098184,1,0.503202433083257
8184,1098185,0,0.441954098676237
8185,1098186,0,0.23439890093852428
8186,1098187,1,0.6354928724603989
8187,1098188,1,0.5042648543323652
8188,1098189,1,0.6171616712249759
8189,1098190,0,0.48276062856895613
8190,1098191,0,0.4612949841858132
8191,1098192,0,0.4992945887911192
8192,1098193,0,0.3797444931630419
8193,1098194,0,0.4485547882122098
8194,1098195,0,0.3358982630758656
8195,1098196,1,0.5380704033787088
8196,1098197,1,0.6321905173600131
8197,1098198,0,0.25192242785903424
8198,1098199,0,0.3542218243970795
8199,1098200,1,0.6994547815392694
8200,1098201,1,0.6593413202138484
8201,1098202,1,0.8673442819365238
8202,1098203,0,0.25113749603025787
8203,1098204,1,0.5940436128009218
8204,1098205,0,0.46457634080269694
8205,1098206,0,0.38857361368257415
8206,1098207,1,0.5593851662056003
8207,1098208,1,0.6300151127836378
8208,1098209,1,0.5502994939622599
8209,1098210,0,0.3362501340241418
8210,1098211,0,0.4786204158755267
8211,1098212,0,0.40946545127752204
8212,1098213,1,0.6744674892358352
8213,1098214,0,0.4912570143009123
8214,1098215,1,0.5722504393485027
8215,1098216,0,0.33490091292451646
8216,1098217,1,0.7369184048156687
8217,1098218,0,0.49142947936645026
8218,1098219,1,0.7070039573644705
8219,1098220,1,0.5146277327175027
8220,1098221,0,0.36151169608707734
8221,1098222,0,0.40313069016599895
8222,1098223,1,0.5766456747747701
8223,1098224,1,0.5138827736335837
8224,1098225,1,0.5811580756579323
8225,1098226,1,0.517578019834074
8226,1098227,1,0.5220209799016403
8227,1098228,1,0.5257549767673602
8228,1098229,1,0.5939987955140117
8229,1098230,1,0.5962886494250164
8230,1098231,1,0.6613309993297517
8231,1098232,1,0.7666591846035362
8232,1098233,1,0.5141100530091431
8233,1098234,0,0.4109080637809919
8234,1098235,0,0.3710469106972432
8235,1098236,1,0.7382179771525528
8236,1098237,0,0.418222697453412
8237,1098238,1,0.5080711371169573
8238,1098239,1,0.833000771698779
8239,1098240,0,0.20419537485859005
8240,1098241,1,0.6699746559381681
8241,1098242,1,0.7115676452601277
8242,1098243,1,0.5299659903713791
8243,1098244,1,0.5093488244780873
8244,1098245,0,0.4157238515520911
8245,1098246,1,0.8159811675936008
8246,1098247,1,0.531050871114402
8247,1098248,0,0.31117433685732154
8248,1098249,0,0.46885527331895593
8249,1098250,0,0.3544496717304518
8250,1098251,1,0.6390600271652979
8251,1098252,1,0.6333960035704523
8252,1098253,0,0.3699264011319808
8253,1098254,1,0.5475192361907684
8254,1098255,0,0.25139169651671195
8255,1098256,1,0.6217278034886
8256,1098257,0,0.4224528447534725
8257,1098258,0,0.4739864099763039
8258,1098259,0,0.2308277890567252
8259,1098260,1,0.5874195648470969
8260,1098261,0,0.49083478409340736
8261,1098262,0,0.3531023742410213
8262,1098263,1,0.7765093005059844
8263,1098264,0,0.33510269152595873
8264,1098265,0,0.39279286927045515
8265,1098266,1,0.5638045355014423
8266,1098267,1,0.8000043876686718
8267,1098268,0,0.46095816626032576
8268,1098269,1,0.678800335277001
8269,1098270,0,0.48464118737340545
8270,1098271,0,0.1832466820731515
8271,1098272,1,0.560264388434069
8272,1098273,1,0.7468885937261595
8273,1098274,1,0.5438386010879981
8274,1098275,0,0.43501796906641216
8275,1098276,1,0.6299472512373436
8276,1098277,0,0.40111057672432643
8277,1098278,1,0.6114412426615177
8278,1098279,1,0.5350021698375353
8279,1098280,0,0.3416405943989722
8280,1098281,1,0.5348316149550759
8281,1098282,1,0.534751457515765
8282,1098283,1,0.6580815951899087
8283,1098284,1,0.6622706580172587
8284,1098285,1,0.6856964929830422
8285,1098286,1,0.6779777783824805
8286,1098287,1,0.7321439396174698
8287,1098288,0,0.3556761322396871
8288,1098289,0,0.35144403415731595
8289,1098290,1,0.5941988817504351
8290,1098291,0,0.4464971521010958
8291,1098292,1,0.6029017343352151
8292,1098293,0,0.3635042709406776
8293,1098294,1,0.5127611534486382
8294,1098295,1,0.5293433339735094
8295,1098296,0,0.1779882341965971
8296,1098297,0,0.39661669995290655
8297,1098298,1,0.5421229485982522
8298,1098299,1,0.5494267495427243
8299,1098300,1,0.7343931237505914
8300,1098301,1,0.5271817394442412
8301,1098302,0,0.4418362816453889
8302,1098303,0,0.2592940946251786
8303,1098304,0,0.28900856825145116
8304,1098305,1,0.5598965846212589
8305,1098306,1,0.662941321096984
8306,1098307,1,0.5483652301048277
8307,1098308,0,0.21058045857049806
8308,1098309,1,0.5264602795598369
8309,1098310,1,0.5675869715151932
8310,1098311,0,0.36624741588880355
8311,1098312,1,0.8162421892012314
8312,1098313,1,0.6084386020173884
8313,1098314,1,0.5846831705239195
8314,1098315,1,0.6798502505569026
8315,1098316,0,0.3998410126420538
8316,1098317,1,0.7175982036545808
8317,1098318,0,0.41131323513898627
8318,1098319,0,0.44067755127029523
8319,1098320,1,0.5557435240962528
8320,1098321,0,0.14444330477238668
8321,1098322,1,0.6287856917666136
8322,1098323,1,0.7365827763446818
8323,1098324,1,0.7297169850969384
8324,1098325,1,0.6834542338363191
8325,1098326,1,0.7496098793030942
8326,1098327,1,0.6061854797231635
8327,1098328,1,0.6122553865358787
8328,1098329,1,0.5657535601833601
8329,1098330,1,0.6139512868837845
8330,1098331,1,0.7776054259661603
8331,1098332,1,0.7602128927358462
8332,1098333,0,0.4998023284529633
8333,1098334,1,0.5942679947173208
8334,1098335,0,0.26114305020756895
8335,1098336,1,0.6167777452211017
8336,1098337,1,0.5123026670869609
8337,1098338,1,0.6134256212015023
8338,1098339,0,0.4069895596103828
8339,1098340,1,0.5704311298379353
8340,1098341,1,0.5494924433893755
8341,1098342,1,0.6774186346637358
8342,1098343,1,0.6880733725238796
8343,1098344,0,0.41966361649149864
8344,1098345,1,0.5891875714535344
8345,1098346,0,0.22360187385384292
8346,1098347,1,0.5616041561422099
8347,1098348,1,0.575723667727765
8348,1098349,0,0.3838793481977063
8349,1098350,1,0.5775717128846106
8350,1098351,0,0.4846265132552225
8351,1098352,0,0.4427585959334218
8352,1098353,1,0.5577604266713159
8353,1098354,0,0.3542668462614984
8354,1098355,0,0.3604143771695813
8355,1098356,0,0.3593798752115194
8356,1098357,0,0.37090889430513346
8357,1098358,1,0.5486354415460387
8358,1098359,0,0.48704578647342334
8359,1098360,0,0.25319536809926024
8360,1098361,1,0.6012948022677457
8361,1098362,0,0.44148928614220484
8362,1098363,0,0.39680483528267146
8363,1098364,0,0.2656466669808956
8364,1098365,0,0.4879669027769201
8365,1098366,1,0.6288179102618029
8366,1098367,1,0.564021484818347
8367,1098368,0,0.41009293535887653
8368,1098369,0,0.45587978471774376
8369,1098370,1,0.5870406518099787
8370,1098371,1,0.6297576649790696
8371,1098372,0,0.46278412479492786
8372,1098373,1,0.5310482765795069
8373,1098374,1,0.9705357803783027
8374,1098375,0,0.47526436468010996
8375,1098376,0,0.3230727723220294
8376,1098377,1,0.6789440291910708
8377,1098378,1,0.9039424462278176
8378,1098379,1,0.5305626173391584
8379,1098380,0,0.4685998237639482
8380,1098381,0,0.2657215779940039
8381,1098382,1,0.5730257138327208
8382,1098383,1,0.628632702224698
8383,1098384,0,0.4719948453513747
8384,1098385,1,0.5879431507252834
8385,1098386,1,0.5919253982493463
8386,1098387,1,0.5798511058547205
8387,1098388,0,0.4044318946305931
8388,1098389,0,0.49148192486038456
8389,1098390,1,0.6366449334712698
8390,1098391,1,0.5436681082141381
8391,1098392,1,0.6482857004751404
8392,1098393,1,0.6487543767621371
8393,1098394,0,0.32901668600499095
8394,1098395,1,0.7604646813109183
8395,1098396,0,0.22430343377627868
8396,1098397,1,0.5178406171190552
8397,1098398,1,0.6447665338987403
8398,1098399,1,0.6939139081697687
8399,1098400,1,0.5292676170868567
8400,1098401,0,0.24001426550595625
8401,1098402,1,0.6957122292424338
8402,1098403,1,0.5331859734440162
8403,1098404,0,0.44994249690639976
8404,1098405,0,0.42002848945552596
8405,1098406,1,0.549416612297149
8406,1098407,0,0.35476137405230634
8407,1098408,1,0.7686129428831836
8408,1098409,0,0.3042908463226244
8409,1098410,0,0.32363248126135646
8410,1098411,0,0.420178361851229
8411,1098412,0,0.4621962780986408
8412,1098413,1,0.5447917210207897
8413,1098414,1,0.6695807142024408
8414,1098415,1,0.814441450522181
8415,1098416,0,0.46059078180150514
8416,1098417,1,0.5956002287056573
8417,1098418,1,0.6040060787294299
8418,1098419,0,0.3457593375881559
8419,1098420,1,0.7480595035076247
8420,1098421,0,0.46803333789981827
8421,1098422,1,0.6024177428279575
8422,1098423,1,0.5869081047527024
8423,1098424,1,0.5943314817633214
8424,1098425,0,0.2392193902509587
8425,1098426,0,0.4090998125302857
8426,1098427,1,0.5947152193111567
8427,1098428,0,0.28233074305386485
8428,1098429,0,0.36787439206468286
8429,1098430,0,0.40724172210943455
8430,1098431,0,0.43084735456560636
8431,1098432,1,0.7036959684457127
8432,1098433,0,0.49670976201744754
8433,1098434,1,0.7461610734534362
8434,1098435,0,0.38717721810483635
8435,1098436,0,0.4050160661481973
8436,1098437,0,0.389132108678938
8437,1098438,1,0.6111379437920389
8438,1098439,1,0.594568024080222
8439,1098440,1,0.6021001514031742
8440,1098441,0,0.49807544971539836
8441,1098442,0,0.4780200518531825
8442,1098443,1,0.5161730683291951
8443,1098444,1,0.6847492655614024
8444,1098445,1,0.5696102257248402
8445,1098446,1,0.5184170845793085
8446,1098447,1,0.5502734486238952
8447,1098448,1,0.596646267659847
8448,1098449,1,0.6024374280287527
8449,1098450,1,0.6520700856530308
8450,1098451,0,0.4953811211460409
8451,1098452,0,0.4648746369662982
8452,1098453,1,0.6298226067641199
8453,1098454,0,0.29260180000911845
8454,1098455,0,0.41209057260522153
8455,1098456,1,0.5788981348846857
8456,1098457,1,0.6997821597156089
8457,1098458,1,0.5784329554920337
8458,1098459,1,0.5432333743600967
8459,1098460,1,0.5835750429865418
8460,1098461,0,0.38139769806236845
8461,1098462,0,0.4064913976395249
8462,1098463,0,0.4113283393451768
8463,1098464,1,0.5719001375730152
8464,1098465,1,0.5407016519140104
8465,1098466,0,0.4019072183634708
8466,1098467,1,0.7802909621929593
8467,1098468,0,0.2817076230474085
8468,1098469,0,0.3399547974175995
8469,1098470,0,0.41196794311751167
8470,1098471,1,0.5772259096471477
8471,1098472,0,0.40377375499179685
8472,1098473,0,0.328658365666652
8473,1098474,0,0.33188956876161324
8474,1098475,1,0.5033569475704341
8475,1098476,0,0.46220608237427874
8476,1098477,1,0.5207801234641681
8477,1098478,0,0.33114674478328293
8478,1098479,0,0.2636613989969897
8479,1098480,1,0.5433103407434026
8480,1098481,1,0.5739726047034542
8481,1098482,0,0.4134849763135337
8482,1098483,1,0.5306714630387437
8483,1098484,0,0.38307717028933946
8484,1098485,0,0.47224236251303825
8485,1098486,1,0.5522656825565886
8486,1098487,1,0.593760306798779
8487,1098488,1,0.5059206245495579
8488,1098489,1,0.5001330863831598
8489,1098490,1,0.6532349363472807
8490,1098491,1,0.5674420816390351
8491,1098492,0,0.2899986253637171
8492,1098493,1,0.5589856839948466
8493,1098494,1,0.5917171620996912
8494,1098495,0,0.22722623000782213
8495,1098496,1,0.5877827673165449
8496,1098497,0,0.2730496850557534
8497,1098498,0,0.37657645661277533
8498,1098499,0,0.48860842676632465
8499,1098500,1,0.5106567319077581
8500,1098501,0,0.4644850998306958
8501,1098502,0,0.1700570825641912
8502,1098503,1,0.799868123959157
8503,1098504,0,0.40793292088913513
8504,1098505,0,0.29030113084538545
8505,1098506,1,0.5160797449395207
8506,1098507,0,0.43499263517371395
8507,1098508,0,0.30307401757523234
8508,1098509,1,0.610282016008799
8509,1098510,1,0.5180177828985039
8510,1098511,1,0.5255640166933642
8511,1098512,0,0.21286960551952774
8512,1098513,0,0.44721438245501305
8513,1098514,0,0.22102976009509834
8514,1098515,1,0.7018158557009695
8515,1098516,1,0.6127395350752852
8516,1098517,1,0.6948537485567883
8517,1098518,1,0.5858090614764742
8518,1098519,0,0.4742917845381094
8519,1098520,1,0.7167685980237859
8520,1098521,1,0.6736942826739579
8521,1098522,0,0.21876927352470057
8522,1098523,0,0.4683772003075658
8523,1098524,1,0.7579717059890514
8524,1098525,1,0.840993349994336
8525,1098526,0,0.4311269594305899
8526,1098527,1,0.5512475658127054
8527,1098528,1,0.5676924934143152
8528,1098529,0,0.42604694527908993
8529,1098530,1,0.5422572876841592
8530,1098531,0,0.272807551110946
8531,1098532,0,0.25270403107377654
8532,1098533,1,0.5471294462054426
8533,1098534,1,0.5054674114944294
8534,1098535,0,0.38523793170162995
8535,1098536,1,0.5928300492822004
8536,1098537,1,0.6628883679663315
8537,1098538,0,0.40416227684191514
8538,1098539,0,0.37249760534699866
8539,1098540,1,0.5898497808678925
8540,1098541,0,0.42048295694920734
8541,1098542,1,0.5322194253106511
8542,1098543,1,0.5274961960608826
8543,1098544,1,0.6785740645977908
8544,1098545,0,0.4653391857577409
8545,1098546,0,0.39264034063883496
8546,1098547,1,0.5960529645182364
8547,1098548,0,0.4968455673838125
8548,1098549,1,0.6118380656066179
8549,1098550,1,0.5905459391990368
8550,1098551,1,0.7549988051717064
8551,1098552,0,0.43212818739030634
8552,1098553,1,0.5119028422530749
8553,1098554,1,0.5483022125783451
8554,1098555,0,0.4579319757369231
8555,1098556,0,0.11465761476113352
8556,1098557,0,0.415220393286165
8557,1098558,0,0.413462426425621
8558,1098559,0,0.4959297398849621
8559,1098560,1,0.541176354466189
8560,1098561,0,0.27136783457584623
8561,1098562,0,0.2846196026715078
8562,1098563,0,0.3504505409228731
8563,1098564,0,0.40027934411389965
8564,1098565,0,0.24764087111055144
8565,1098566,0,0.4612158282488236
8566,1098567,0,0.38660123179853206
8567,1098568,1,0.7882324020708655
8568,1098569,1,0.6395511229796649
8569,1098570,0,0.4238224586660452
8570,1098571,1,0.5011894477711957
8571,1098572,0,0.30382160425877697
8572,1098573,1,0.5015787166386136
8573,1098574,1,0.7128282991561087
8574,1098575,0,0.4891739305378677
8575,1098576,1,0.536804613138059
8576,1098577,1,0.6813254916885244
8577,1098578,0,0.39783541973719605
8578,1098579,0,0.3004746873574401
8579,1098580,1,0.6641215705352915
8580,1098581,1,0.6050953853014679
8581,1098582,0,0.38616053251998816
8582,1098583,1,0.6047757695703073
8583,1098584,1,0.6463659128819041
8584,1098585,0,0.3916663373851796
8585,1098586,0,0.45427248155188305
8586,1098587,1,0.6237464273169385
8587,1098588,0,0.4819213486515211
8588,1098589,1,0.6767091036072252
8589,1098590,0,0.3660206237437732
8590,1098591,0,0.3985298525627544
8591,1098592,0,0.39130252695715156
8592,1098593,0,0.3347479237540938
8593,1098594,0,0.47038857156039626
8594,1098595,0,0.4180736802635875
8595,1098596,0,0.4709223751801401
8596,1098597,1,0.829640974647466
8597,1098598,1,0.6342534322807183
8598,1098599,0,0.407392840281893
8599,1098600,0,0.3668379120233078
8600,1098601,0,0.33814845097022034
8601,1098602,0,0.41215627892897994
8602,1098603,0,0.28270908441297693
8603,1098604,0,0.2582938195285963
8604,1098605,0,0.4720235891513803
8605,1098606,1,0.6301950031712413
8606,1098607,1,0.6619762186067976
8607,1098608,1,0.9210674977224923
8608,1098609,0,0.403248633181548
8609,1098610,0,0.27191141481208825
8610,1098611,1,0.5863936988293524
8611,1098612,0,0.48440983078530625
8612,1098613,0,0.4883321479163995
8613,1098614,0,0.2751494889451885
8614,1098615,0,0.1524239711486694
8615,1098616,1,0.5820920737132664
8616,1098617,0,0.1942596860858687
8617,1098618,0,0.2662413093709431
8618,1098619,0,0.4491032309427324
8619,1098620,1,0.6443397544084546
8620,1098621,0,0.396174148240416
8621,1098622,1,0.6043956619150411
8622,1098623,0,0.43479518885350327
8623,1098624,0,0.4669751736443638
8624,1098625,1,0.6474009447057604
8625,1098626,1,0.5931921280422962
8626,1098627,0,0.32120725775563114
8627,1098628,1,0.6700589275621134
8628,1098629,0,0.3139205599129227
8629,1098630,0,0.22993332994210475
8630,1098631,1,0.7566280532786317
8631,1098632,1,0.531614806317786
8632,1098633,0,0.4945058295086706
8633,1098634,0,0.3028617194140888
8634,1098635,0,0.22035512900446866
8635,1098636,0,0.4338206173210572
8636,1098637,1,0.5888997938630341
8637,1098638,1,0.5464951552090134
8638,1098639,1,0.50761029959383
8639,1098640,1,0.5686157328408222
8640,1098641,0,0.4312928791462539
8641,1098642,1,0.6887668745876299
8642,1098643,1,0.7211132660034898
8643,1098644,0,0.3131739666110897
8644,1098645,0,0.48686252672182406
8645,1098646,0,0.48421602600566194
8646,1098647,1,0.6834284856444647
8647,1098648,0,0.41616214722625683
8648,1098649,1,0.5937402390306654
8649,1098650,0,0.39749752824088025
8650,1098651,1,0.5727645451994792
8651,1098652,0,0.4967441728007244
8652,1098653,0,0.4436598896692041
8653,1098654,1,0.6760666842228578
8654,1098655,1,0.6415728758511227
8655,1098656,0,0.43349203722941826
8656,1098657,1,0.7020005272265977
8657,1098658,1,0.5227676202009659
8658,1098659,1,0.6299274044612044
8659,1098660,0,0.49656372403629745
8660,1098661,0,0.3509983348091642
8661,1098662,1,0.536867208565365
8662,1098663,0,0.4828725976843503
8663,1098664,0,0.36828900258520697
8664,1098665,1,0.7359926337069621
8665,1098666,1,0.6957319985752781
8666,1098667,1,0.5291434834299719
8667,1098668,0,0.3693672938703909
8668,1098669,0,0.3060567503786349
8669,1098670,0,0.3932572928604286
8670,1098671,1,0.6070081821854755
8671,1098672,1,0.7181671859047197
8672,1098673,0,0.3430096451431761
8673,1098674,0,0.37452669877646455
8674,1098675,1,0.5884034424103289
8675,1098676,1,0.6080735586667824
8676,1098677,0,0.3723269052151887
8677,1098678,1,0.5576925830112202
8678,1098679,0,0.253662358668804
8679,1098680,0,0.48479319648935465
8680,1098681,0,0.24901540647780657
8681,1098682,1,0.5013665755602925
8682,1098683,1,0.5656646288875335
8683,1098684,0,0.4992110443744693
8684,1098685,1,0.6570150081713017
8685,1098686,0,0.48656669888667864
8686,1098687,0,0.3701262813450444
8687,1098688,1,0.7654421674172924
8688,1098689,0,0.3361189921152459
8689,1098690,1,0.7928750507249053
8690,1098691,0,0.3609645897450007
8691,1098692,1,0.5002013958956479
8692,1098693,0,0.3789184014288762
8693,1098694,1,0.6467805157014397
8694,1098695,1,0.5907889678174904
8695,1098696,0,0.3501024624945501
8696,1098697,1,0.5155038194366561
8697,1098698,1,0.6236384324019716
8698,1098699,1,0.5059270080307309
8699,1098700,0,0.3816668347972081
8700,1098701,1,0.503921547621694
8701,1098702,0,0.3855760464578767
8702,1098703,1,0.6357767520891551
8703,1098704,1,0.6771244277632421
8704,1098705,1,0.6966154380791356
8705,1098706,1,0.5695516413064909
8706,1098707,1,0.5355709107531518
8707,1098708,0,0.37255280191506956
8708,1098709,1,0.6493913222774138
8709,1098710,0,0.4931009285386469
8710,1098711,0,0.4898435928539671
8711,1098712,1,0.619745935057823
8712,1098713,1,0.5542892190955279
8713,1098714,0,0.4202944067793005
8714,1098715,1,0.5000629170520722
8715,1098716,0,0.3344329134856055
8716,1098717,0,0.3823041039897395
8717,1098718,0,0.2914612963083266
8718,1098719,1,0.5891522088074675
8719,1098720,0,0.4330504925375713
8720,1098721,0,0.44611670037126167
8721,1098722,0,0.4525596514798558
8722,1098723,0,0.3906634119831897
8723,1098724,0,0.35824743576185797
8724,1098725,1,0.623118695068837
8725,1098726,0,0.23179787282712805
8726,1098727,0,0.36739158840319436
8727,1098728,1,0.501481131340305
8728,1098729,0,0.3611594150827676
8729,1098730,0,0.47469876780129494
8730,1098731,0,0.4519341255881031
8731,1098732,0,0.4190686957207479
8732,1098733,0,0.38094568589477273
8733,1098734,1,0.6132788801930091
8734,1098735,1,0.5190733082220291
8735,1098736,0,0.3890170982791559
8736,1098737,0,0.1877837662510114
8737,1098738,0,0.36607029814097275
8738,1098739,0,0.41880429091126287
8739,1098740,0,0.4787136204073268
8740,1098741,0,0.234985886200003
8741,1098742,0,0.46363565066275725
8742,1098743,0,0.4558062088762705
8743,1098744,1,0.6302041280582942
8744,1098745,1,0.6656532218508175
8745,1098746,0,0.39952169815287647
8746,1098747,0,0.2604967912237609
8747,1098748,1,0.5138143508726319
8748,1098749,0,0.35073885862162735
8749,1098750,1,0.7003221345138839
8750,1098751,1,0.6119499118479025
8751,1098752,0,0.24631687159397353
8752,1098753,0,0.39451951943389846
8753,1098754,0,0.2879765428754959
8754,1098755,0,0.4015583015318173
8755,1098756,0,0.24143850435144276
8756,1098757,1,0.6466295646058106
8757,1098758,0,0.23633352635072455
8758,1098759,0,0.4104697950310832
8759,1098760,1,0.5999112057162745
8760,1098761,0,0.46213396086830444
8761,1098762,0,0.4677405318673379
8762,1098763,1,0.6579987058908667
8763,1098764,1,0.8981346603345614
8764,1098765,1,0.5184553315248884
8765,1098766,1,0.7369752549097438
8766,1098767,0,0.4788115302060811
8767,1098768,1,0.5451754637954066
8768,1098769,1,0.6313757627741563
8769,1098770,0,0.2945236320979363
8770,1098771,1,0.6268667224355409
8771,1098772,0,0.3917656356642668
8772,1098773,1,0.6003785979247988
8773,1098774,1,0.6305390151890531
8774,1098775,1,0.5741938135220633
8775,1098776,1,0.5559791048648445
8776,1098777,0,0.24436747314965113
8777,1098778,0,0.3917566616533087
8778,1098779,0,0.4379454194505645
8779,1098780,1,0.5544680144491011
8780,1098781,0,0.4455827423338976
8781,1098782,0,0.381830423556554
8782,1098783,1,0.7348269640617556
8783,1098784,0,0.3059048480539078
8784,1098785,0,0.41253631723998446
8785,1098786,0,0.3232317637680668
8786,1098787,1,0.5680789799958135
8787,1098788,1,0.6106875145351791
8788,1098789,1,0.6660976217733574
8789,1098790,0,0.46413515179453907
8790,1098791,0,0.2461582868116691
8791,1098792,0,0.4007264105849484
8792,1098793,0,0.4706813338653107
8793,1098794,1,0.7331103938704824
8794,1098795,0,0.3032695442374735
8795,1098796,0,0.38192275914628687
8796,1098797,1,0.7740189642643044
8797,1098798,1,0.6234214936902236
8798,1098799,0,0.41354938082735576
8799,1098800,0,0.4009799180053749
8800,1098801,0,0.4800017955549899
8801,1098802,1,0.5315984154650676
8802,1098803,0,0.43674632929565105
8803,1098804,0,0.3861617234041108
8804,1098805,0,0.34767671667008737
8805,1098806,1,0.5123839566705733
8806,1098807,0,0.4778566844131912
8807,1098808,1,0.6622915934674545
8808,1098809,0,0.233397335081309
8809,1098810,1,0.5669623610962379
8810,1098811,1,0.5164964157394469
8811,1098812,0,0.43214756610980076
8812,1098813,0,0.4576776357409544
8813,1098814,0,0.4827093333179453
8814,1098815,1,0.5110571224904077
8815,1098816,0,0.4023412985394214
8816,1098817,0,0.4510355210544297
8817,1098818,1,0.5690555536054004
8818,1098819,0,0.40347068665192837
8819,1098820,0,0.38491104833644757
8820,1098821,1,0.546455358439536
8821,1098822,1,0.5980726462321596
8822,1098823,0,0.2537488647364602
8823,1098824,1,0.5238975516634515
8824,1098825,0,0.4326189183062767
8825,1098826,1,0.576817934886255
8826,1098827,0,0.4731122745221373
8827,1098828,0,0.43223853180325594
8828,1098829,0,0.4663845993973791
8829,1098830,1,0.7744129434613458
8830,1098831,1,0.642113227735245
8831,1098832,1,0.7592528433936888
8832,1098833,1,0.6104907815678835
8833,1098834,1,0.6097915853576212
8834,1098835,0,0.334075870297484
8835,1098836,0,0.45547183915312073
8836,1098837,0,0.4010161703085606
8837,1098838,1,0.6504348051677793
8838,1098839,0,0.2692824418551489
8839,1098840,1,0.5145197393826454
8840,1098841,0,0.41662711760745685
8841,1098842,1,0.5737029300755996
8842,1098843,1,0.5791796526330864
8843,1098844,1,0.5521787078212608
8844,1098845,0,0.4524233204254765
8845,1098846,1,0.5112442814248602
8846,1098847,0,0.4431360847132257
8847,1098848,1,0.5573497056360036
8848,1098849,0,0.45099322001462466
8849,1098850,0,0.35809280552912537
8850,1098851,1,0.601066609778791
8851,1098852,1,0.5070247792857138
8852,1098853,0,0.3171020885690246
8853,1098854,0,0.45637140296349243
8854,1098855,0,0.4369462689616409
8855,1098856,1,0.6013778716118267
8856,1098857,0,0.30751172110532204
8857,1098858,0,0.29598872481875577
8858,1098859,0,0.40638332902995544
8859,1098860,1,0.9702896240322365
8860,1098861,0,0.4860912401658024
8861,1098862,1,0.5306792805589151
8862,1098863,1,0.5343168255713684
8863,1098864,1,0.7068860313060144
8864,1098865,1,0.6454258319066751
8865,1098866,1,0.7113544263614391
8866,1098867,1,0.5979381091495589
8867,1098868,0,0.4734874635930021
8868,1098869,1,0.5381117172351437
8869,1098870,0,0.4726534813679348
8870,1098871,1,0.641493876877916
8871,1098872,0,0.2993098869124182
8872,1098873,1,0.5631644936426865
8873,1098874,1,0.5478347851366142
8874,1098875,1,0.5386990891301685
8875,1098876,0,0.47314615641207286
8876,1098877,1,0.504376875690178
8877,1098878,1,0.739194224967174
8878,1098879,0,0.4037561741584082
8879,1098880,0,0.4726244674446541
8880,1098881,1,0.634009766853462
8881,1098882,0,0.40796767536934614
8882,1098883,1,0.5651843906544459
8883,1098884,0,0.47689020757459505
8884,1098885,1,0.6905287145708869
8885,1098886,1,0.5339547238493885
8886,1098887,1,0.561015942691238
8887,1098888,1,0.6322805041607146
8888,1098889,1,0.511421771967458
8889,1098890,0,0.498610643551988
8890,1098891,0,0.24608102151302236
8891,1098892,0,0.25803304855893733
8892,1098893,1,0.5172289213211835
8893,1098894,0,0.31528422186069527
8894,1098895,1,0.7028604283515838
8895,1098896,0,0.47093618052520514
8896,1098897,1,0.5029732703453769
8897,1098898,1,0.5459187737446535
8898,1098899,0,0.2770400601099431
8899,1098900,1,0.5158842296117366
8900,1098901,1,0.6497161915848003
8901,1098902,0,0.279812597447853
8902,1098903,1,0.696463650591969
8903,1098904,0,0.2419195083527136
8904,1098905,0,0.3993444162052116
8905,1098906,0,0.22261437346272944
8906,1098907,1,0.5059657984137702
8907,1098908,1,0.550801101737075
8908,1098909,0,0.2918491497301398
8909,1098910,1,0.5556077203786558
8910,1098911,1,0.6914179685306068
8911,1098912,1,0.5949513548022443
8912,1098913,1,0.6120091408534264
8913,1098914,0,0.4526205928389166
8914,1098915,0,0.35842364496110585
8915,1098916,0,0.4930943119566741
8916,1098917,0,0.44040440086688776
8917,1098918,1,0.5977753565735258
8918,1098919,0,0.45647808246835014
8919,1098920,1,0.5724218404636054
8920,1098921,1,0.5490327780917753
8921,1098922,1,0.6379536147413142
8922,1098923,1,0.6005345853005126
8923,1098924,0,0.431628204141902
8924,1098925,1,0.5839151734626375
8925,1098926,0,0.4048706725401008
8926,1098927,1,0.8173269437440295
8927,1098928,0,0.45858013197304254
8928,1098929,0,0.4962743384490325
8929,1098930,1,0.6550269093311635
8930,1098931,1,0.5462822129764325
8931,1098932,1,0.7438243820659778
8932,1098933,1,0.5435804056795493
8933,1098934,1,0.5680499046753866
8934,1098935,0,0.4959842353840764
8935,1098936,1,0.5267655199162313
8936,1098937,1,0.5430019963636098
8937,1098938,1,0.5564516078536503
8938,1098939,1,0.5805162655936082
8939,1098940,0,0.40232122151126654
8940,1098941,0,0.3578093525866779
8941,1098942,0,0.30941747755762583
8942,1098943,0,0.4436540099116562
8943,1098944,0,0.2757369003501639
8944,1098945,0,0.3138614858470377
8945,1098946,0,0.4677156304673461
8946,1098947,0,0.4259710308979053
8947,1098948,0,0.366847449570901
8948,1098949,0,0.20990561252579323
8949,1098950,1,0.6145742126544572
8950,1098951,1,0.5332676292240279
8951,1098952,0,0.41305592960819665
8952,1098953,0,0.47920257070706995
8953,1098954,0,0.43661135399163703
8954,1098955,1,0.7100551677123257
8955,1098956,0,0.36758438749728234
8956,1098957,1,0.5206946119525033
8957,1098958,0,0.4734440478667313
8958,1098959,0,0.31358937643116697
8959,1098960,1,0.506669038499506
8960,1098961,1,0.5762748415566021
8961,1098962,0,0.24372174819056452
8962,1098963,1,0.5215197876130857
8963,1098964,0,0.48287791218686477
8964,1098965,1,0.7529728969962289
8965,1098966,1,0.6361021311920423
8966,1098967,0,0.46455489286599455
8967,1098968,1,0.6573885452145141
8968,1098969,1,0.7037296830124737
8969,1098970,1,0.5675956809860109
8970,1098971,1,0.5374542703847451
8971,1098972,1,0.5371350891363559
8972,1098973,1,0.8782172159534924
8973,1098974,0,0.36569934118536884
8974,1098975,1,0.6462879484935419
8975,1098976,1,0.541711470326715
8976,1098977,0,0.4581517735606349
8977,1098978,1,0.5549433571118967
8978,1098979,1,0.9056170605653284
8979,1098980,1,0.5890966659074163
8980,1098981,0,0.4753215258248099
8981,1098982,1,0.697985180367317
8982,1098983,1,0.5194121252551084
8983,1098984,1,0.5518962953972557
8984,1098985,0,0.4388493387913522
8985,1098986,1,0.5296018186998077
8986,1098987,1,0.5710660401990315
8987,1098988,0,0.44122809214756686
8988,1098989,0,0.3141365693868441
8989,1098990,1,0.5074461807141077
8990,1098991,1,0.6189344659063112
8991,1098992,0,0.3908211435013391
8992,1098993,1,0.7747945288906006
8993,1098994,0,0.4132884870470451
8994,1098995,0,0.4303370279858476
8995,1098996,0,0.4727840159737259
8996,1098997,1,0.5460859629276332
8997,1098998,1,0.5885472386477295
8998,1098999,0,0.4124994904274741
8999,1099000,0,0.33506916133651615
9000,1099001,1,0.6519356634027218
9001,1099002,0,0.45519569624699824
9002,1099003,1,0.8072018456170137
9003,1099004,0,0.4383686586231874
9004,1099005,1,0.718767892089429
9005,1099006,0,0.48130694853846057
9006,1099007,1,0.5285067143133045
9007,1099008,0,0.409058029156081
9008,1099009,0,0.29163342504164064
9009,1099010,0,0.3834165742459985
9010,1099011,1,0.6678833170017694
9011,1099012,0,0.44112628834311307
9012,1099013,0,0.41514588811635367
9013,1099014,1,0.5789957933639963
9014,1099015,0,0.3801542949941238
9015,1099016,0,0.4937057813424737
9016,1099017,1,0.5340268301616512
9017,1099018,1,0.5165461994077334
9018,1099019,0,0.48900754570337435
9019,1099020,0,0.3838174724960056
9020,1099021,0,0.29933496353987976
9021,1099022,0,0.49439218374930044
9022,1099023,0,0.44438887109697117
9023,1099024,0,0.4528796351806351
9024,1099025,1,0.5203008827065007
9025,1099026,1,0.5708945071121048
9026,1099027,0,0.3953118653195802
9027,1099028,1,0.5852471351768066
9028,1099029,1,0.5716579554589433
9029,1099030,1,0.5338698087974053
9030,1099031,1,0.5262952646984776
9031,1099032,1,0.5621136892751136
9032,1099033,0,0.45225787088161673
9033,1099034,0,0.46936069743102937
9034,1099035,1,0.638019245337947
9035,1099036,1,0.5615083758765458
9036,1099037,0,0.3050799874378191
9037,1099038,0,0.38818932507050524
9038,1099039,0,0.46790809353920004
9039,1099040,0,0.49697684864938874
9040,1099041,1,0.5542203003633303
9041,1099042,1,0.5093920330547317
9042,1099043,0,0.3333746141899073
9043,1099044,1,0.6437112911361401
9044,1099045,1,0.556296258837307
9045,1099046,1,0.5722880429668942
9046,1099047,1,0.5357148768659112
9047,1099048,1,0.5991227283244828
9048,1099049,0,0.25238485950814926
9049,1099050,1,0.8515984173559731
9050,1099051,1,0.7930033654213066
9051,1099052,1,0.621952329775654
9052,1099053,1,0.5366352839712842
9053,1099054,0,0.41207186791447387
9054,1099055,1,0.5178948884814868
9055,1099056,1,0.5849779811424779
9056,1099057,1,0.5804713995418554
9057,1099058,1,0.6650925895515273
9058,1099059,0,0.43677985833584027
9059,1099060,0,0.33024220902872564
9060,1099061,1,0.5114080663592799
9061,1099062,1,0.7918812261552551
9062,1099063,0,0.44184755708678974
9063,1099064,0,0.4635287677553684
9064,1099065,1,0.5113227283140308
9065,1099066,0,0.4290254879908405
9066,1099067,1,0.5996933060697948
9067,1099068,1,0.5300708712925154
9068,1099069,1,0.6661922008110616
9069,1099070,0,0.4954458218214836
9070,1099071,1,0.5724826336647523
9071,1099072,0,0.3198742163336607
9072,1099073,0,0.3714318931204501
9073,1099074,0,0.4823625731041273
9074,1099075,0,0.4639076115340236
9075,1099076,0,0.2472316740487223
9076,1099077,1,0.6339112801711481
9077,1099078,0,0.4758624768251206
9078,1099079,0,0.4642212190744757
9079,1099080,0,0.49288058812201024
9080,1099081,0,0.3643723836923843
9081,1099082,0,0.3251731859524675
9082,1099083,0,0.4094385330673261
9083,1099084,1,0.724753976644849
9084,1099085,0,0.3298676342063925
9085,1099086,1,0.5638824315628749
9086,1099087,0,0.4207948028686333
9087,1099088,0,0.4733519933478336
9088,1099089,1,0.5882590229735621
9089,1099090,0,0.3042436863215422
9090,1099091,0,0.2434959938431285
9091,1099092,1,0.7376461491819684
9092,1099093,0,0.4625259416597687
9093,1099094,1,0.6214947349119777
9094,1099095,1,0.6306273878012693
9095,1099096,0,0.33398627073230325
9096,1099097,0,0.44919671991127785
9097,1099098,0,0.3201349291277631
9098,1099099,0,0.2630108488964289
9099,1099100,0,0.4133451723179286
9100,1099101,1,0.5663062299282536
9101,1099102,0,0.17239137152235554
9102,1099103,1,0.5013758731477416
9103,1099104,0,0.29162559178563374
9104,1099105,1,0.5106092856222013
9105,1099106,1,0.5031506637908301
9106,1099107,1,0.6659359509773439
9107,1099108,0,0.4630224103284834
9108,1099109,1,0.5510113474854476
9109,1099110,0,0.4709305307181337
9110,1099111,0,0.44250271809481273
9111,1099112,1,0.635412997056561
9112,1099113,1,0.5771683990299035
9113,1099114,0,0.4215589624135697
9114,1099115,1,0.630749941078047
9115,1099116,1,0.5805441418466697
9116,1099117,0,0.4853716079174018
9117,1099118,0,0.4987926525218888
9118,1099119,1,0.5721523184713201
9119,1099120,1,0.7436570211328619
9120,1099121,0,0.35176764813609945
9121,1099122,1,0.6790564071478431
9122,1099123,1,0.6655097636437395
9123,1099124,1,0.7008910636752742
9124,1099125,0,0.4962490408021984
9125,1099126,1,0.5748549958351836
9126,1099127,0,0.49244978266391315
9127,1099128,1,0.5541752721875822
9128,1099129,0,0.3213999440691847
9129,1099130,1,0.5820351733339225
9130,1099131,1,0.7686665458325052
9131,1099132,0,0.4605798976753846
9132,1099133,0,0.4322007626661067
9133,1099134,0,0.28970506031420096
9134,1099135,1,0.5266247256855745
9135,1099136,1,0.5520394801938594
9136,1099137,0,0.353506518979088
9137,1099138,0,0.39858085115460823
9138,1099139,0,0.3866906496598228
9139,1099140,1,0.6110489496027466
9140,1099141,0,0.40845054574242573
9141,1099142,0,0.32354669683709003
9142,1099143,1,0.51722631488965
9143,1099144,1,0.6121272387970119
9144,1099145,1,0.690954007193648
9145,1099146,1,0.6175705848012616
9146,1099147,1,0.5243592000994535
9147,1099148,0,0.45718135721395703
9148,1099149,1,0.573256345555509
9149,1099150,1,0.6308168964324614
9150,1099151,1,0.6309452399675171
9151,1099152,0,0.4633950501994673
9152,1099153,0,0.1596208941597507
9153,1099154,1,0.613088961715177
9154,1099155,0,0.3772554943319638
9155,1099156,0,0.20132935638667576
9156,1099157,1,0.5355528771389082
9157,1099158,0,0.45481505094394487
9158,1099159,0,0.41243732184907694
9159,1099160,1,0.6899036746190989
9160,1099161,1,0.6346415635788868
9161,1099162,1,0.5646553090994894
9162,1099163,1,0.6288900382781165
9163,1099164,0,0.38984855857163564
9164,1099165,0,0.29691871089907784
9165,1099166,1,0.6513281255642951
9166,1099167,0,0.38726500287279053
9167,1099168,0,0.36449353300977905
9168,1099169,0,0.4592834104000033
9169,1099170,0,0.40594814700519394
9170,1099171,1,0.621754738196271
9171,1099172,1,0.6737209129734553
9172,1099173,1,0.5576633241376975
9173,1099174,1,0.5067738038373204
9174,1099175,1,0.7722195215174292
9175,1099176,1,0.654935634813871
9176,1099177,0,0.39561687357478864
9177,1099178,1,0.5137697718800869
9178,1099179,0,0.48101764254140844
9179,1099180,1,0.6061377639035295
9180,1099181,1,0.7932309418284912
9181,1099182,1,0.6451879838084869
9182,1099183,0,0.38928843038764677
9183,1099184,0,0.1803566161299583
9184,1099185,0,0.4849001520009872
9185,1099186,0,0.43959568649522335
9186,1099187,1,0.6115862673364889
9187,1099188,0,0.2980252701901064
9188,1099189,1,0.50025246924555
9189,1099190,1,0.6110677876857833
9190,1099191,1,0.7510873033132976
9191,1099192,0,0.3772614173638476
9192,1099193,0,0.3580159259084379
9193,1099194,0,0.19209304016818066
9194,1099195,1,0.7939103147498163
9195,1099196,1,0.8485376366440497
9196,1099197,1,0.5016737293626325
9197,1099198,1,0.5865586736949336
9198,1099199,1,0.8032728906688554
9199,1099200,0,0.4067245550285046
9200,1099201,0,0.3534872677517741
9201,1099202,1,0.5490943970361307
9202,1099203,0,0.30791671483137717
9203,1099204,0,0.30439226058325464
9204,1099205,0,0.37440159273293533
9205,1099206,1,0.5482321820451846
9206,1099207,0,0.2673576102181213
9207,1099208,1,0.7304587862044356
9208,1099209,0,0.4965356864539766
9209,1099210,1,0.6172677329704108
9210,1099211,0,0.4155764741099254
9211,1099212,0,0.4901877996212856
9212,1099213,1,0.6663854537852573
9213,1099214,0,0.3672372321373721
9214,1099215,0,0.37518342052878256
9215,1099216,1,0.593623316639924
9216,1099217,1,0.6770770740154505
9217,1099218,0,0.3112673728713083
9218,1099219,0,0.42909413019359444
9219,1099220,1,0.5505567497763957
9220,1099221,0,0.3955004046364288
9221,1099222,0,0.4086016040167154
9222,1099223,0,0.47061540336145896
9223,1099224,0,0.4702994449323094
9224,1099225,0,0.2784182531878634
9225,1099226,1,0.742128585717574
9226,1099227,0,0.39037832429503583
9227,1099228,0,0.3003832122561678
9228,1099229,1,0.6741583965975643
9229,1099230,1,0.6455156415940884
9230,1099231,1,0.6632693581436055
9231,1099232,1,0.5811675350839007
9232,1099233,0,0.4588277565489847
9233,1099234,0,0.43806441058984774
9234,1099235,1,0.6547889874924078
9235,1099236,0,0.36049093892479045
9236,1099237,0,0.4734047641435988
9237,1099238,1,0.7297093556930783
9238,1099239,1,0.5519037482842986
9239,1099240,0,0.38819590130274456
9240,1099241,0,0.41396281311336613
9241,1099242,0,0.44900999990072865
9242,1099243,0,0.3828307639566028
9243,1099244,0,0.4786025783706511
9244,1099245,1,0.509747255841234
9245,1099246,1,0.5573748412107107
9246,1099247,1,0.9806049396746768
9247,1099248,0,0.4075185079395311
9248,1099249,1,0.5194468724206487
9249,1099250,0,0.4433483124376373
9250,1099251,0,0.20963301932767645
9251,1099252,0,0.2800803316104029
9252,1099253,0,0.422371571693548
9253,1099254,1,0.6464129086995009
9254,1099255,1,0.6756089257638749
9255,1099256,0,0.46696335900172975
9256,1099257,1,0.5491791788284048
9257,1099258,0,0.4429465039421642
9258,1099259,1,0.5987107704258996
9259,1099260,0,0.4586252578986901
9260,1099261,0,0.4380110621801374
9261,1099262,0,0.3261299385461889
9262,1099263,1,0.5272608641107076
9263,1099264,0,0.2569273533622493
9264,1099265,0,0.3163655328929516
9265,1099266,1,0.5610520193242012
9266,1099267,0,0.4654059678326781
9267,1099268,0,0.23298226704439648
9268,1099269,0,0.22696718762558823
9269,1099270,1,0.6049033726783591
9270,1099271,0,0.22504866778808003
9271,1099272,1,0.7527553073833403
9272,1099273,0,0.44365453512435604
9273,1099274,0,0.32592078827515986
9274,1099275,0,0.4229431420977376
9275,1099276,0,0.271424535892865
9276,1099277,1,0.520616049865099
9277,1099278,1,0.5089952795476596
9278,1099279,1,0.6326806793960202
9279,1099280,1,0.5501632862756893
9280,1099281,0,0.2571128624164704
9281,1099282,1,0.797969978362145
9282,1099283,0,0.20940771939987135
9283,1099284,0,0.4417774383874768
9284,1099285,0,0.2827598487311233
9285,1099286,1,0.6048817582003254
9286,1099287,0,0.37036864767143635
9287,1099288,1,0.6268394809494522
9288,1099289,1,0.6565408448616981
9289,1099290,0,0.30766128138166393
9290,1099291,0,0.2883862417393384
9291,1099292,0,0.1967143812608713
9292,1099293,0,0.2777838099480227
9293,1099294,0,0.39849872444426626
9294,1099295,0,0.26065944403239383
9295,1099296,0,0.30124157408201013
9296,1099297,1,0.5604623998715127
9297,1099298,0,0.24287083788921143
9298,1099299,0,0.41680365390129553
9299,1099300,0,0.2949753820993349
9300,1099301,1,0.6297816299163973
9301,1099302,0,0.26397705252200687
9302,1099303,0,0.44197707079433646
9303,1099304,1,0.5482772218310498
9304,1099305,0,0.463547054619089
9305,1099306,0,0.42783135181834636
9306,1099307,0,0.36590354775974054
9307,1099308,0,0.30353475363845495
9308,1099309,1,0.7559849059033301
9309,1099310,0,0.30975694821413347
9310,1099311,1,0.5278706953838092
9311,1099312,0,0.31013736896779664
9312,1099313,1,0.6055098515716726
9313,1099314,0,0.4913981503212231
9314,1099315,0,0.47327792838736293
9315,1099316,1,0.5399992988428166
9316,1099317,0,0.4081946073791274
9317,1099318,0,0.4910735930425577
9318,1099319,0,0.3535138887476419
9319,1099320,0,0.43615701197587203
9320,1099321,1,0.7438633285656444
9321,1099322,1,0.6864162070256402
9322,1099323,1,0.7610491796416257
9323,1099324,1,0.5278123980710808
9324,1099325,1,0.5868694691390817
9325,1099326,0,0.26893998983917
9326,1099327,0,0.4190242920428408
9327,1099328,1,0.652867420671184
9328,1099329,1,0.6783517516485053
9329,1099330,0,0.4879778384109
9330,1099331,1,0.6749654713439046
9331,1099332,1,0.5499248598831222
9332,1099333,0,0.29006311360342024
9333,1099334,0,0.42987433089967836
9334,1099335,0,0.23270669483110942
9335,1099336,0,0.4768311142603716
9336,1099337,1,0.5884013954490501
9337,1099338,0,0.33070000433772334
9338,1099339,1,0.652716588394567
9339,1099340,0,0.3236255605845284
9340,1099341,0,0.4190827362633404
9341,1099342,1,0.5922864917163992
9342,1099343,0,0.4244106807016944
9343,1099344,0,0.2435251302267817
9344,1099345,1,0.5974565610739057
9345,1099346,0,0.48874011377268284
9346,1099347,1,0.5291461786949536
9347,1099348,0,0.30740181978805564
9348,1099349,1,0.631322822972357
9349,1099350,1,0.5209386154802457
9350,1099351,1,0.729219255595349
9351,1099352,1,0.6033998866535651
9352,1099353,0,0.49272400858337123
9353,1099354,0,0.4199172287610334
9354,1099355,1,0.554142383935192
9355,1099356,0,0.2778449158219912
9356,1099357,0,0.37085946835942185
9357,1099358,1,0.6120554168577372
9358,1099359,0,0.3112259110298728
9359,1099360,1,0.5485913143278839
9360,1099361,1,0.6526700669910868
9361,1099362,0,0.4920604025639398
9362,1099363,0,0.38953119185012386
9363,1099364,0,0.2637949131892095
9364,1099365,1,0.6355578616354381
9365,1099366,0,0.4465946975874963
9366,1099367,0,0.2803543800295865
9367,1099368,0,0.4667893090047648
9368,1099369,0,0.3928508019873385
9369,1099370,1,0.5402910458028715
9370,1099371,0,0.3474005714305754
9371,1099372,0,0.3899391804480769
9372,1099373,0,0.39561434865279854
9373,1099374,1,0.7539242862303688
9374,1099375,0,0.3268367189606095
9375,1099376,0,0.2775733798860363
9376,1099377,1,0.8420754855841485
9377,1099378,1,0.7290434485500418
9378,1099379,0,0.34203939150067236
9379,1099380,1,0.556674664258944
9380,1099381,0,0.3725943208259659
9381,1099382,1,0.5127813251590354
9382,1099383,1,0.7129012429726092
9383,1099384,1,0.5719316649499001
9384,1099385,0,0.3290726182414247
9385,1099386,1,0.6276887414180226
9386,1099387,0,0.316342530681707
9387,1099388,1,0.7074108941470358
9388,1099389,1,0.6215064359036295
9389,1099390,0,0.4617358940315433
9390,1099391,0,0.22438776854582082
9391,1099392,0,0.4242498665812507
9392,1099393,0,0.3426751438677677
9393,1099394,0,0.34373390850876817
9394,1099395,1,0.5757514334335125
9395,1099396,0,0.35804258969488656
9396,1099397,1,0.5359447383317739
9397,1099398,1,0.5987188598291786
9398,1099399,0,0.44517669067542154
9399,1099400,1,0.5858894671562466
9400,1099401,1,0.6023531270287148
9401,1099402,0,0.42526098046805544
9402,1099403,0,0.3238832121646804
9403,1099404,1,0.6077017977720442
9404,1099405,1,0.5227747911657995
9405,1099406,1,0.921854263334181
9406,1099407,1,0.6321262112567723
9407,1099408,1,0.9608391673938427
9408,1099409,0,0.29264530044474074
9409,1099410,1,0.6103032978053494
9410,1099411,0,0.2023975562113734
9411,1099412,0,0.49748794374397814
9412,1099413,0,0.44193389705918557
9413,1099414,1,0.5380649522392121
9414,1099415,1,0.6160714342319367
9415,1099416,0,0.39751057892876585
9416,1099417,0,0.3194351828901766
9417,1099418,1,0.9843065139540069
9418,1099419,1,0.5876207138503502
9419,1099420,0,0.41281247055789816
9420,1099421,0,0.20762713288421608
9421,1099422,0,0.2972895034472592
9422,1099423,1,0.6303994004558888
9423,1099424,0,0.30851212000597533
9424,1099425,0,0.4486305982777045
9425,1099426,0,0.2978065210709343
9426,1099427,0,0.4082844298810542
9427,1099428,1,0.954196148680094
9428,1099429,0,0.34645595687417174
9429,1099430,1,0.5951553804496087
9430,1099431,0,0.2711297805905628
9431,1099432,0,0.47763758413145013
9432,1099433,1,0.5626212701655164
9433,1099434,1,0.5202349247305144
9434,1099435,0,0.39597923896738674
9435,1099436,1,0.528631023652879
9436,1099437,0,0.3481894092109275
9437,1099438,1,0.5996701975274354
9438,1099439,0,0.463985418799551
9439,1099440,0,0.254577461632917
9440,1099441,0,0.3518433106468259
9441,1099442,1,0.6600641035965524
9442,1099443,1,0.8597968792267751
9443,1099444,0,0.3161626433812985
9444,1099445,0,0.4002955707240461
9445,1099446,0,0.3246960861926439
9446,1099447,1,0.6814368075262945
9447,1099448,1,0.532465416369659
9448,1099449,0,0.2999743575838373
9449,1099450,0,0.399819377310941
9450,1099451,0,0.33751199646363494
9451,1099452,0,0.4288446153856592
9452,1099453,1,0.601049573029356
9453,1099454,0,0.40094551256425004
9454,1099455,1,0.5401446941626278
9455,1099456,1,0.5964093734062972
9456,1099457,1,0.6558697584879233
9457,1099458,1,0.644634452006687
9458,1099459,1,0.5268850521253882
9459,1099460,1,0.5403658521158681
9460,1099461,0,0.4284448644464834
9461,1099462,1,0.6332383001667587
9462,1099463,1,0.502990872699966
9463,1099464,1,0.7099622944284103
9464,1099465,1,0.6527092455750813
9465,1099466,0,0.47027568079786763
9466,1099467,0,0.4715430027387775
9467,1099468,0,0.2917610735833763
9468,1099469,0,0.1935214859436266
9469,1099470,0,0.44445479026540435
9470,1099471,0,0.375453886809334
9471,1099472,0,0.49950772497942897
9472,1099473,0,0.4383572509602853
9473,1099474,1,0.5898019833695564
9474,1099475,1,0.5886560019103557
9475,1099476,1,0.5927102314642417
9476,1099477,1,0.5592603474065331
9477,1099478,1,0.5622882967280165
9478,1099479,1,0.5002994141154276
9479,1099480,0,0.4881438217915358
9480,1099481,0,0.36762729795059385
9481,1099482,1,0.6216174079372953
9482,1099483,0,0.3884036968256337
9483,1099484,0,0.49664040643776064
9484,1099485,1,0.6464754888894951
9485,1099486,0,0.3256592444461999
9486,1099487,0,0.41402546832882736
9487,1099488,1,0.6038532385811735
9488,1099489,0,0.3039862489234174
9489,1099490,1,0.5323705370629721
9490,1099491,0,0.3014509042279362
9491,1099492,0,0.43928582496187574
9492,1099493,1,0.6446567890390353
9493,1099494,1,0.6701282934532303
9494,1099495,1,0.527636949932809
9495,1099496,0,0.4787026540004944
9496,1099497,1,0.5100149047077872
9497,1099498,1,0.6206362387079944
9498,1099499,0,0.27158438373958654
9499,1099500,0,0.3977252872182537
9500,1099501,1,0.5555209607546674
9501,1099502,0,0.3473898852836888
9502,1099503,0,0.3570571693677093
9503,1099504,0,0.40069344504924975
9504,1099505,0,0.3426822059944526
9505,1099506,0,0.4363899023634523
9506,1099507,1,0.6096343431209291
9507,1099508,1,0.651570675475794
9508,1099509,0,0.4052117668447032
9509,1099510,0,0.2344613528259507
9510,1099511,0,0.3049872770042135
9511,1099512,1,0.7206164933548864
9512,1099513,1,0.5000005488173875
9513,1099514,0,0.34216052751258136
9514,1099515,1,0.6690378277888352
9515,1099516,0,0.2564179011326891
9516,1099517,1,0.740394631301169
9517,1099518,0,0.35001814149626564
9518,1099519,0,0.4912751253667173
9519,1099520,1,0.5297314616643924
9520,1099521,1,0.7007676195290784
9521,1099522,0,0.46355260753993843
9522,1099523,1,0.5463245801273912
9523,1099524,1,0.5441296286265948
9524,1099525,0,0.4988594698643348
9525,1099526,1,0.5207059978285089
9526,1099527,1,0.5200489117050984
9527,1099528,1,0.7585257301475626
9528,1099529,0,0.3710448282399116
9529,1099530,0,0.3049705016419821
9530,1099531,0,0.20696133857810295
9531,1099532,0,0.3014047545412453
9532,1099533,0,0.2988688510261752
9533,1099534,1,0.6348889512621583
9534,1099535,0,0.3077867540876988
9535,1099536,0,0.20373747485277408
9536,1099537,0,0.4670746594650337
9537,1099538,0,0.48688501375885906
9538,1099539,1,0.5545314696388215
9539,1099540,1,0.5997564863405105
9540,1099541,1,0.5692592069043649
9541,1099542,0,0.22716234743548758
9542,1099543,1,0.5405266438659162
9543,1099544,1,0.5562390685835358
9544,1099545,0,0.35574664209962725
9545,1099546,0,0.4914753016842495
9546,1099547,0,0.23496273225310446
9547,1099548,0,0.4520010337994803
9548,1099549,1,0.5557495495889487
9549,1099550,0,0.44160445962104694
9550,1099551,1,0.5612329908602401
9551,1099552,1,0.5229590398068461
9552,1099553,1,0.6716985822266174
9553,1099554,1,0.6852993628718982
9554,1099555,1,0.6355624479040356
9555,1099556,0,0.31669145983666136
9556,1099557,1,0.5330683146613401
9557,1099558,1,0.6716694526678778
9558,1099559,1,0.7209544256429014
9559,1099560,0,0.49647681353357803
9560,1099561,1,0.52508237514859
9561,1099562,0,0.4709951313820589
9562,1099563,0,0.3939311123561971
9563,1099564,0,0.19475192100717442
9564,1099565,0,0.4939458136060253
9565,1099566,1,0.664517965909527
9566,1099567,0,0.44676577459766675
9567,1099568,1,0.5195771792616332
9568,1099569,0,0.38527697767164815
9569,1099570,0,0.4790705181197817
9570,1099571,0,0.4410888761271182
9571,1099572,0,0.3909657608452154
9572,1099573,0,0.35214919449351384
9573,1099574,1,0.6347576274071608
9574,1099575,1,0.5605503514483743
9575,1099576,0,0.4300734224008294
9576,1099577,0,0.24118601840281692
9577,1099578,1,0.6927276914642501
9578,1099579,0,0.4213694500305457
9579,1099580,1,0.5906322529363179
9580,1099581,1,0.7092376107314784
9581,1099582,0,0.2701581625265603
9582,1099583,0,0.38595490296315266
9583,1099584,0,0.4477135831394736
9584,1099585,0,0.3789160736093473
9585,1099586,0,0.4256805672046592
9586,1099587,1,0.5603809654816642
9587,1099588,1,0.5925092147283215
9588,1099589,0,0.48657125467806794
9589,1099590,0,0.4776417592057319
9590,1099591,0,0.25589437350881816
9591,1099592,1,0.6928197987577526
9592,1099593,0,0.4733903328908896
9593,1099594,0,0.33308077581891676
9594,1099595,0,0.3919269517053078
9595,1099596,1,0.5776569761308757
9596,1099597,1,0.5424446867039383
9597,1099598,0,0.35182267472472933
9598,1099599,0,0.4897907638341176
9599,1099600,0,0.39804259262205044
9600,1099601,0,0.35383830421199175
9601,1099602,0,0.48192650257921765
9602,1099603,1,0.72664192594512
9603,1099604,1,0.8086799791195132
9604,1099605,1,0.578268178973753
9605,1099606,0,0.35313545993087364
9606,1099607,0,0.47034919361196953
9607,1099608,1,0.5353813161620504
9608,1099609,1,0.5717303350029392
9609,1099610,0,0.3553259254303342
9610,1099611,1,0.5032483837444472
9611,1099612,1,0.5694327867409008
9612,1099613,1,0.6801158764992714
9613,1099614,0,0.2311761868268596
9614,1099615,1,0.7850163043920594
9615,1099616,0,0.3519489040531089
9616,1099617,1,0.5806532188732757
9617,1099618,0,0.25747764927080463
9618,1099619,0,0.4507157857842394
9619,1099620,0,0.30000843311238046
9620,1099621,1,0.5081553719317872
9621,1099622,1,0.6405566330738915
9622,1099623,0,0.347893880594298
9623,1099624,0,0.3680004161463183
9624,1099625,0,0.466981492172277
9625,1099626,0,0.3740920788326617
9626,1099627,1,0.6182721128533929
9627,1099628,1,0.9095278288690513
9628,1099629,1,0.9582376163975969
9629,1099630,1,0.9139481646191107
9630,1099631,1,0.9001514733453836
9631,1099632,1,0.6969235807283782
9632,1099633,1,0.904817234649947
9633,1099634,0,0.3699630668579239
9634,1099635,1,0.888832953776804
9635,1099636,0,0.4494100285981539
9636,1099637,0,0.41599262380937074
9637,1099638,0,0.4491344620855886
9638,1099639,1,0.962316801794187
9639,1099640,0,0.40143472017561255
9640,1099641,0,0.35774775882919907
9641,1099642,1,0.5003757800138248
9642,1099643,0,0.4894912649903121
9643,1099644,1,0.8917081560484909
9644,1099645,1,0.5562642451417156
9645,1099646,0,0.29715932241147053
9646,1099647,0,0.3691855133119188
9647,1099648,0,0.2721886220298821
9648,1099649,0,0.30287453990633856
9649,1099650,1,0.9105940537736414
9650,1099651,1,0.8895682057771773
9651,1099652,0,0.4973772365688581
9652,1099653,1,0.9015510992126209
9653,1099654,1,0.930437047844523
9654,1099655,1,0.6194235819696654
9655,1099656,1,0.6720356708576599
9656,1099657,1,0.9401847731963723
9657,1099658,1,0.9125787229725444
9658,1099659,1,0.9614955955365413
9659,1099660,1,0.6075160213014275
9660,1099661,1,0.8644348198470317
9661,1099662,0,0.47582329900748505
9662,1099663,1,0.8571174376824272
9663,1099664,1,0.5145021250826871
9664,1099665,1,0.72444249594292
9665,1099666,0,0.39023799175499274
9666,1099667,1,0.8286931787935958
9667,1099668,0,0.2810233256327932
9668,1099669,1,0.6411363180186319
9669,1099670,1,0.9486476929777279
9670,1099671,1,0.9535654020318496
9671,1099672,1,0.7543412797671358
9672,1099673,1,0.9387238114942082
9673,1099674,1,0.9164656756028057
9674,1099675,0,0.2926240616015563
9675,1099676,1,0.7214788506637024
9676,1099677,0,0.3465590492904139
9677,1099678,1,0.9125723295253515
9678,1099679,0,0.3401691872797373
9679,1099680,0,0.4251740576108056
9680,1099681,1,0.94023545914812
9681,1099682,1,0.7612561579732079
9682,1099683,1,0.6103729199722736
9683,1099684,1,0.581048506268412
9684,1099685,1,0.5033658369671287
9685,1099686,1,0.8763791189018005
9686,1099687,1,0.8251258389525031
9687,1099688,1,0.5420919699777186
9688,1099689,1,0.8220654156806562
9689,1099690,1,0.942444681109879
9690,1099691,1,0.921462375350271
9691,1099692,0,0.48820856167601295
9692,1099693,0,0.3493691303627418
9693,1099694,1,0.6128050942019073
9694,1099695,0,0.467253047238957
9695,1099696,1,0.6030685815049728
9696,1099697,0,0.46135080789452976
9697,1099698,1,0.683119591027582
9698,1099699,1,0.6501179132980572
9699,1099700,1,0.8982612991942494
9700,1099701,0,0.2972628389225622
9701,1099702,1,0.9767156172743746
9702,1099703,1,0.953292659837102
9703,1099704,1,0.5674240402794527
9704,1099705,1,0.5276899111824294
9705,1099706,0,0.4036689013807513
9706,1099707,0,0.4083409837004489
9707,1099708,1,0.9541752154124794
9708,1099709,0,0.3371296574229317
9709,1099710,0,0.2900711926716645
9710,1099711,1,0.5952505518381861
9711,1099712,1,0.9396242669049905
9712,1099713,0,0.17703379801249503
9713,1099714,0,0.35244134897530555
9714,1099715,1,0.8669387831123141
9715,1099716,0,0.4086810903236246
9716,1099717,0,0.44186024938000845
9717,1099718,1,0.5812123257281299
9718,1099719,0,0.375401498178006
9719,1099720,1,0.6826301028082542
9720,1099721,1,0.6198347968862141
9721,1099722,1,0.5469428668556131
9722,1099723,1,0.5788075764479995
9723,1099724,0,0.4246161717493997
9724,1099725,1,0.5418958672592499
9725,1099726,1,0.5015910452860879
9726,1099727,1,0.9723101669714274
9727,1099728,1,0.6108031282010555
9728,1099729,0,0.24837191894460803
9729,1099730,1,0.9630440632916829
9730,1099731,1,0.9681458410182056
9731,1099732,1,0.5294026085825634
9732,1099733,1,0.8650661342326993
9733,1099734,1,0.9274803287744819
9734,1099735,1,0.9749501993353749
9735,1099736,1,0.5175499445884189
9736,1099737,1,0.7807833130718501
9737,1099738,1,0.8243097452036549
9738,1099739,1,0.9562048039105714
9739,1099740,1,0.5556528818017122
9740,1099741,1,0.9434778160012515
9741,1099742,1,0.8745044347304871
9742,1099743,1,0.830672963184533
9743,1099744,1,0.9543993501414358
9744,1099745,1,0.967897442954493
9745,1099746,0,0.4537631763808452
9746,1099747,1,0.9684172080132688
9747,1099748,1,0.9665537211315565
9748,1099749,1,0.6567388520045153
9749,1099750,1,0.9713626515700127
9750,1099751,1,0.9566852096956076
9751,1099752,1,0.543419089396074
9752,1099753,1,0.5792832265204779
9753,1099754,0,0.24132528369148015
9754,1099755,0,0.26012667917559806
9755,1099756,0,0.34147113723857697
9756,1099757,1,0.9304377927383727
9757,1099758,0,0.4313626987118567
9758,1099759,1,0.8830308876586607
9759,1099760,1,0.9515609922646895
9760,1099761,0,0.38291564526756106
9761,1099762,1,0.9077441794599493
9762,1099763,0,0.430677793012387
9763,1099764,1,0.5457798307757709
9764,1099765,1,0.8844929538992433
9765,1099766,0,0.45470378065107464
9766,1099767,1,0.9648029911147635
9767,1099768,1,0.5256041275887499
9768,1099769,0,0.2286300424447075
9769,1099770,0,0.48345099350560916
9770,1099771,1,0.8691823610433218
9771,1099772,1,0.8387115721932882
9772,1099773,0,0.35435908729513865
9773,1099774,1,0.5883119552610869
9774,1099775,0,0.36046884951606534
9775,1099776,0,0.487742709842082
9776,1099777,1,0.5106642082098307
9777,1099778,1,0.9124155743883579
9778,1099779,1,0.886259166879934
9779,1099780,1,0.9277912097420813
9780,1099781,1,0.6466172213435994
9781,1099782,0,0.29349707979236184
9782,1099783,0,0.4530859872424912
9783,1099784,1,0.9725643975881347
9784,1099785,1,0.9620759475207962
9785,1099786,0,0.4735840377987519
9786,1099787,1,0.5943393522440292
9787,1099788,1,0.8669723773986986
9788,1099789,1,0.5012770303968229
9789,1099790,1,0.9138371068152289
9790,1099791,0,0.29135331755331756
9791,1099792,1,0.9526692259466137
9792,1099793,1,0.5192707715201695
9793,1099794,0,0.22507165971610094
9794,1099795,1,0.9828655116037709
9795,1099796,1,0.5907224545808865
9796,1099797,1,0.6200260285860988
9797,1099798,1,0.9117840671175325
9798,1099799,1,0.51673592441132
9799,1099800,1,0.9405867680973403
9800,1099801,1,0.5622891982713343
9801,1099802,1,0.8218153092475897
9802,1099803,1,0.9538881181635801
9803,1099804,1,0.54593846438573
9804,1099805,1,0.9455868187698091
9805,1099806,1,0.9514138237219943
9806,1099807,1,0.9091462592328114
9807,1099808,1,0.6051412002069765
9808,1099809,1,0.943952232556428
9809,1099810,1,0.9512200223372848
9810,1099811,0,0.33081333166766
9811,1099812,1,0.7324476997863099
9812,1099813,1,0.8914763680442823
9813,1099814,1,0.5285277874008952
9814,1099815,1,0.9305171339582495
9815,1099816,0,0.47493312213551203
9816,1099817,1,0.7000842103801517
9817,1099818,1,0.8900246511265004
9818,1099819,0,0.4213761341308572
9819,1099820,0,0.34606879295036536
9820,1099821,0,0.47937102854263686
9821,1099822,1,0.5465297002961178
9822,1099823,1,0.5417819677815773
9823,1099824,0,0.4869281526013287
9824,1099825,0,0.42719037125159703
9825,1099826,0,0.38528585313154623
9826,1099827,1,0.6581429989974334
9827,1099828,1,0.72135521010609
9828,1099829,1,0.9487095156776206
9829,1099830,1,0.5267087653571166
9830,1099831,1,0.9010336432003181
9831,1099832,1,0.9515658435134686
9832,1099833,1,0.5933839091376985
9833,1099834,0,0.4767886080138502
9834,1099835,1,0.9739556893427862
9835,1099836,1,0.5848321288999251
9836,1099837,1,0.9149037826652978
9837,1099838,1,0.874499642631656
9838,1099839,1,0.9564703678890275
9839,1099840,1,0.7070328854648525
9840,1099841,1,0.9527165290367401
9841,1099842,1,0.6744941849908369
9842,1099843,1,0.922146269035009
9843,1099844,0,0.49476648547936797
9844,1099845,1,0.8842365867800349
9845,1099846,1,0.9608534610974099
9846,1099847,0,0.37775027181064724
9847,1099848,1,0.9665806553211627
9848,1099849,1,0.8796431226053124
9849,1099850,0,0.3552886043797067
9850,1099851,1,0.5539952607441428
9851,1099852,0,0.1683386707209084
9852,1099853,0,0.3159099518751334
9853,1099854,1,0.9730681980225949
9854,1099855,1,0.9424998053529408
9855,1099856,1,0.9654733517289885
9856,1099857,0,0.3714849356806001
9857,1099858,1,0.9510139482371524
9858,1099859,1,0.9157305713613052
9859,1099860,1,0.9660813755981055
9860,1099861,1,0.8331995647876796
9861,1099862,1,0.5952264146907212
9862,1099863,0,0.30488389020800555
9863,1099864,1,0.9803718075072878
9864,1099865,1,0.9261528461092535
9865,1099866,0,0.450665476053108
9866,1099867,0,0.24269689857716073
9867,1099868,1,0.9388048887474948
9868,1099869,0,0.490202744747058
9869,1099870,0,0.4949355835018737
9870,1099871,0,0.43395283171784627
9871,1099872,1,0.9652522215729321
9872,1099873,0,0.4516006477114805
9873,1099874,0,0.44999777454433926
9874,1099875,1,0.5724057295675207
9875,1099876,1,0.5798557205336363
9876,1099877,1,0.5741914338106127
9877,1099878,1,0.9474893157740982
9878,1099879,1,0.6484227234299104
9879,1099880,1,0.9256753634193261
9880,1099881,0,0.4762663071967084
9881,1099882,0,0.34939629771762404
9882,1099883,1,0.9367859381662548
9883,1099884,1,0.8348014423862815
9884,1099885,1,0.5061698285293496
9885,1099886,1,0.5047384582257562
9886,1099887,1,0.955148788180501
9887,1099888,0,0.4605751661871028
9888,1099889,1,0.6634430032164
9889,1099890,1,0.9412380149279153
9890,1099891,0,0.4296229910690384
9891,1099892,1,0.8335115590552381
9892,1099893,1,0.8972566536866899
9893,1099894,1,0.809705415106394
9894,1099895,1,0.9632055854546409
9895,1099896,1,0.9617603929765406
9896,1099897,1,0.9429557292074598
9897,1099898,1,0.6190904321103494
9898,1099899,1,0.6583241677359069
9899,1099900,0,0.3446523224262777
9900,1099901,1,0.9029904202966142
9901,1099902,1,0.9320143582308841
9902,1099903,1,0.8047135830019047
9903,1099904,1,0.9603917466053469
9904,1099905,0,0.49636703648853253
9905,1099906,1,0.859649251714743
9906,1099907,0,0.22772568149015462
9907,1099908,0,0.4072319887568987
9908,1099909,1,0.8455011849791659
9909,1099910,1,0.9317003752277176
9910,1099911,1,0.5099036498500736
9911,1099912,1,0.9805662869142157
9912,1099913,1,0.9753341230018922
9913,1099914,1,0.8675172694221136
9914,1099915,1,0.9768489117788343
9915,1099916,1,0.9324809848394799
9916,1099917,1,0.9497931553104171
9917,1099918,1,0.9646362189482582
9918,1099919,1,0.9310836001898316
9919,1099920,1,0.7875898620744912
9920,1099921,1,0.8597839556541419
9921,1099922,1,0.9483034801043284
9922,1099923,1,0.985380526806546
9923,1099924,1,0.9543428474798051
9924,1099925,1,0.8621217531605139
9925,1099926,1,0.7697753753899358
9926,1099927,0,0.4082715089641794
9927,1099928,0,0.39127693310217876
9928,1099929,1,0.9811229035526392
9929,1099930,1,0.9145329715785439
9930,1099931,1,0.797298062131175
9931,1099932,1,0.9212729697150125
9932,1099933,1,0.697607220776767
9933,1099934,1,0.5374997861663016
9934,1099935,1,0.874987965273846
9935,1099936,1,0.9377642901705961
9936,1099937,1,0.9522352294263191
9937,1099938,1,0.9498043630644668
9938,1099939,0,0.46729067401496627
9939,1099940,1,0.5136179176469422
9940,1099941,1,0.8300196667917022
9941,1099942,1,0.8960116418344231
9942,1099943,0,0.48462901559468813
9943,1099944,1,0.9134959173147458
9944,1099945,0,0.48502612731360867
9945,1099946,1,0.9671717980770209
9946,1099947,1,0.9514214470785646
9947,1099948,1,0.9160360616316643
9948,1099949,1,0.9392071369476424
9949,1099950,1,0.9454414501415601
9950,1099951,1,0.8051846105451816
9951,1099952,1,0.8844759156514042
9952,1099953,1,0.8601131466430184
9953,1099954,1,0.9028423337579956
9954,1099955,1,0.5395856730803728
9955,1099956,1,0.9506563213234537
9956,1099957,1,0.6201484090996452
9957,1099958,1,0.944074579941959
9958,1099959,1,0.9153391016918914
9959,1099960,1,0.8403010650689453
9960,1099961,1,0.9229397157126379
9961,1099962,1,0.5370544018651101
9962,1099963,1,0.980921342735779
9963,1099964,0,0.30827833474148314
9964,1099965,1,0.9305232472508652
9965,1099966,0,0.4124611559975452
9966,1099967,1,0.8521881778437395
9967,1099968,1,0.5216405190126148
9968,1099969,1,0.6630953143840614
9969,1099970,0,0.2755551808638715
9970,1099971,1,0.5962958005480729
9971,1099972,1,0.9532364007118233
9972,1099973,1,0.7125607521416885
9973,1099974,1,0.7423175674613706
9974,1099975,1,0.9527938092102468
9975,1099976,1,0.9399828068576846
9976,1099977,1,0.5355630305033691
9977,1099978,1,0.909846337620575
9978,1099979,1,0.9795068718199158
9979,1099980,1,0.9584518910184934
9980,1099981,1,0.5336613913747719
9981,1099982,1,0.6022340788364623
9982,1099983,1,0.8971281160069707
9983,1099984,1,0.9393203700086451
9984,1099985,0,0.2600830186542276
9985,1099986,0,0.4592625612116196
9986,1099987,1,0.6333997456631798
9987,1099988,1,0.8169253472025427
9988,1099989,1,0.6939730380071003
9989,1099990,1,0.9565956795773195
9990,1099991,1,0.6362343002058143
9991,1099992,1,0.9539404126715115
9992,1099993,1,0.9522912613359847
9993,1099994,0,0.34032427131871285
9994,1099995,1,0.949680832941274
9995,1099996,1,0.9684636764907496
9996,1099997,1,0.9161878813782556
9997,1099998,1,0.9735319190326669
9998,1099999,1,0.924192573418805
9999,1100000,1,0.8338259755484061
